model,ell_over_ell_ext,omega_M,match_radius,response_real,response_imag,delta_real,delta_imag,em_response_real,em_response_imag,grav_source_error,em_source_abs,condition
hayward,0.1,0.002,10.0,-0.9602029760281662,0.004211763531626847,1.4634650306821761e-05,0.004211763531626847,-0.002699430847673396,-9.908316919383926e-05,1.1102230246251565e-16,1.631940375314535e-19,3.973684671473387
hayward,0.1,0.002,12.0,-0.9604228245223189,0.00421176309753836,1.4626788453209194e-05,0.00421176309753836,-0.0027864836269952094,-9.908338721400985e-05,1.1188630228279524e-16,2.235717751489254e-19,4.7898504017505985
hayward,0.1,0.002,14.0,-0.9605018481341242,0.00421176303322298,1.4625899187992175e-05,0.00421176303322298,-0.002827414985719828,-9.908343504214575e-05,6.938893903907228e-18,3.93680147543451e-19,5.601395661977707
hayward,0.1,0.002,16.0,-0.9605348319481544,0.004211763021356944,1.464626802150093e-05,0.004211763021356944,-0.002848736132063995,-9.908344343109661e-05,1.1102230246251565e-16,1.1893576263592468e-19,6.41009804729734
hayward,0.1,0.004,10.0,-0.9601590524027211,0.008426026697732139,5.855827575185213e-05,0.008426026697732139,-0.002696284008256652,-0.00019822362677041116,2.220446049250313e-16,1.6432439176733427e-19,3.9743559624209355
hayward,0.1,0.004,12.0,-0.96037880555935,0.008426025829106454,5.864575142211503e-05,0.008426025829106454,-0.0027831948490399023,-0.00019822406538243256,1.3877787807814457e-17,9.632369890744463e-20,4.790940989132332
hayward,0.1,0.004,14.0,-0.9604573516167715,0.008426025699685119,5.9122416540713374e-05,0.008426025699685119,-0.0028240417225564554,-0.00019822416249848712,1.1102230246251565e-16,4.886433157332423e-20,5.6030524532431984
hayward,0.1,0.004,16.0,-0.9604886573501699,0.008426025673592047,6.0820866006006113e-05,0.008426025673592047,-0.0028453202673645755,-0.00019822422719252948,0.0,6.589916329638457e-19,6.412490147710147
hayward,0.1,0.006,10.0,-0.9600856222611753,0.012645290472246634,0.0001319884172976682,0.012645290472246634,-0.0026910425359695177,-0.00029747869313333166,2.2887833992611187e-16,1.3157123935640853e-19,3.9754761319837435
hayward,0.1,0.006,12.0,-0.9603041059000075,0.012645289176794583,0.00013334541076459594,0.012645289176794583,-0.0027777300932861986,-0.00029747934815739025,1.1443916996305594e-16,8.571370772892337e-20,4.792761720082366
hayward,0.1,0.006,14.0,-0.9603773775682798,0.01264528898982717,0.0001390964650324067,0.01264528898982717,-0.002818483982254666,-0.00029747948576341584,0.0,6.673845640755091e-20,5.605820045763449
hayward,0.1,0.006,16.0,-0.9603908049777934,0.012645288971127516,0.0001586732383824785,0.012645288971127516,-0.0028398329094680105,-0.00029747947690592156,2.7755575615628914e-17,5.313212918655387e-19,6.4164886674087
hayward,0.3,0.002,10.0,-0.7686841659522258,0.0037776138698631806,5.323245237831564e-06,0.0037776138698631806,-0.07715369291378527,-0.0002672892899770402,2.220446049250313e-16,2.149118060276621e-18,3.9772254060710086
hayward,0.3,0.002,12.0,-0.7688442034822174,0.0037776134792140217,5.267489342819509e-06,0.0037776134792140217,-0.0775547596898861,-0.00026728985280895885,2.2215299868541707e-16,6.2849844686269085e-19,4.7922641607865275
hayward,0.3,0.002,14.0,-0.7689004668241612,0.0037776134203875017,5.2425273604495e-06,0.0037776134203875017,-0.07773855344672749,-0.0002672899714506343,2.220446049250313e-16,4.404571325722362e-20,5.603227098560772
hayward,0.3,0.002,16.0,-0.7689234663360729,0.003777613409307941,5.249428662201794e-06,0.003777613409307941,-0.07783231901448903,-0.00026729001698408287,1.3877787807814457e-17,1.4439365459437246e-19,6.411579055343715
hayward,0.3,0.004,10.0,-0.7686681752528066,0.007557588093094356,2.131394465698655e-05,0.007557588093094356,-0.07714865950194985,-0.0005347415661246411,1.1188630228279524e-16,2.7939250479261704e-19,3.977896579988627
hayward,0.3,0.004,12.0,-0.7688282610358734,0.007557587312073677,2.120993568677232e-05,0.007557587312073677,-0.07754943556456836,-0.0005347426963113302,3.3335590258932494e-16,2.0357682261539074e-18,4.793354928014621
hayward,0.3,0.004,14.0,-0.7688841192700776,0.007557587195496512,2.159008144408947e-05,0.007557587195496512,-0.07773306145504383,-0.0005347429580165233,2.2247786310271853e-16,1.2920470769906042e-18,5.604884268747472
hayward,0.3,0.004,16.0,-0.7689054811349678,0.007557587173595295,2.323462976727697e-05,0.007557587173595295,-0.07782675302474706,-0.0005347428938526303,2.2247786310271853e-16,9.952575855325562e-19,6.413971691537618
hayward,0.3,0.006,10.0,-0.7686412957370543,0.011342284339648137,4.819346040929595e-05,0.011342284339648137,-0.07714028024048226,-0.0008025198899346258,2.237726045655905e-16,1.3552527156068805e-19,3.9790165558279855
hayward,0.3,0.006,12.0,-0.7688003513576066,0.011342283173855883,4.911961395359654e-05,0.011342283173855883,-0.07754061194887829,-0.000802521626586155,2.220446049250313e-16,1.0842021724855044e-19,4.795175960753376
hayward,0.3,0.006,14.0,-0.7688510563181528,0.01134228300960173,5.4653033368934345e-05,0.01134228300960173,-0.07772410042118694,-0.0008025220160290322,2.7755575615628914e-17,7.934886020978422e-19,5.60765249587835
hayward,0.3,0.006,16.0,-0.7688546084221207,0.011342282990356792,7.410734261437124e-05,0.011342282990356792,-0.07781810167198289,-0.0008025221696127509,2.7755575615628914e-17,2.981555974335137e-19,6.417971108651574
hayward,0.2,0.002,10.0,-0.888657269975783,0.0040471814207734755,1.1164513240458085e-05,0.0040471814207734755,-0.022649026535165376,-0.00019060284392462918,1.1123893155135927e-16,4.79420648145934e-19,3.9750200129870707
hayward,0.2,0.002,12.0,-0.8888521666497631,0.0040471810031372235,1.1139328506937218e-05,0.0040471810031372235,-0.02285833494739317,-0.00019060326099754228,0.0,2.8306619437482698e-19,4.7907605614535225
hayward,0.2,0.002,14.0,-0.8889217358195098,0.004047180941583614,1.1129741251392211e-05,0.004047180941583614,-0.02295552640295058,-0.00019060336991455018,6.938893903907228e-18,6.477005680765793e-19,5.602086278223459
hayward,0.2,0.002,16.0,-0.8889505879790572,0.004047180928124457,1.1145274380397474e-05,0.004047180928124457,-0.023005650774880114,-0.00019060338648178962,0.0,2.000504619092383e-19,6.410656581765557
hayward,0.2,0.004,10.0,-0.8886237562654083,0.008096810431566404,4.4678223615091106e-05,0.008096810431566404,-0.02264383913689878,-0.0003813180622969936,0.0,8.538092108323347e-19,3.975691261070409
hayward,0.2,0.004,12.0,-0.8888186095354608,0.008096809598586566,4.469644280924445e-05,0.008096809598586566,-0.022852897647637645,-0.00038131889243612203,2.2247786310271853e-16,1.139702267111296e-18,4.791851217805566
hayward,0.2,0.004,14.0,-0.8888877273887301,0.008096809473149585,4.51381720311117e-05,0.008096809473149585,-0.022949941571288664,-0.00038131904189209957,2.237726045655905e-16,1.1126286389490977e-18,5.603743213503013
hayward,0.2,0.004,16.0,-0.8889149161216661,0.008096809444868194,4.681713177157043e-05,0.008096809444868194,-0.022999992847175035,-0.0003813191592206269,2.2247786310271853e-16,7.250602028496811e-19,6.413048885383493
hayward,0.2,0.006,10.0,-0.8885676743963488,0.012151335951263581,0.00010076009267467878,0.012151335951263581,-0.02263519995250037,-0.0005722580739878891,0.0,1.843342984321061e-19,3.976811359695518
hayward,0.2,0.006,12.0,-0.8887613447648602,0.012151334704797123,0.0001019612134097736,0.012151334704797123,-0.022843868668214445,-0.0005722593326514982,1.1102230246251565e-16,3.9465554789455714e-19,4.793672064480007
hayward,0.2,0.006,14.0,-0.8888252320471491,0.012151334528275534,0.00010763351361209317,0.012151334528275534,-0.022940761823214844,-0.0005722595462103333,2.237726045655905e-16,1.5487876418821047e-18,5.606511047210094
hayward,0.2,0.006,16.0,-0.8888345673081756,0.012151334510397974,0.00012716594526207547,0.012151334510397974,-0.022990978768112142,-0.0005722596202420512,0.0,1.4541678495049689e-18,6.417047745439289
hayward,0.4,0.002,10.0,-0.5991676807602825,0.0034102951142094273,-2.9766117969343142e-06,0.0034102951142094273,-0.18362992960108415,-0.0003224737411133549,2.2247786310271853e-16,2.6754337137143444e-18,3.98027235163668
hayward,0.4,0.002,12.0,-0.5992930308660762,0.0034102947581508974,-3.0786436775454007e-06,0.0034102947581508974,-0.18432475245842078,-0.00032247440340863777,1.1188630228279524e-16,4.2690460541616737e-19,4.794342310482394
hayward,0.4,0.002,14.0,-0.5993358127433015,0.003410294702265268,-3.1270204108313493e-06,0.003410294702265268,-0.1846398758341418,-0.00032247452433179294,1.1102230246251565e-16,2.7477748808929503e-18,5.604803644447932
hayward,0.4,0.002,16.0,-0.5993527893448923,0.0034102946933982914,-3.133148508527306e-06,0.0034102946933982914,-0.18479923909086615,-0.0003224746059477465,2.2247786310271853e-16,5.717817471050023e-19,6.412853520869908
hayward,0.4,0.004,10.0,-0.5991765884795235,0.00682282737210238,-1.1884331037936846e-05,0.00682282737210238,-0.18362829686941176,-0.0006451542388169543,2.2247786310271853e-16,1.0842021724855044e-18,3.9809434162434774
hayward,0.4,0.004,12.0,-0.5993021257077956,0.006822826660694559,-1.2173485396949069e-05,0.006822826660694559,-0.18432288680032244,-0.0006451555577943885,2.220446049250313e-16,9.683183442303931e-19,4.795433224768803
hayward,0.4,0.004,14.0,-0.5993445724220432,0.006822826554409633,-1.1886699152530156e-05,0.006822826554409633,-0.18463788389159133,-0.0006451558222051353,2.2247786310271853e-16,1.1175700191704681e-19,5.606461133256181
hayward,0.4,0.004,16.0,-0.5993599505600737,0.006822826534168797,-1.0294363689933306e-05,0.006822826534168797,-0.18479721049744782,-0.000645155872420651,1.3877787807814457e-17,1.4676830031998878e-18,6.415246610459515
hayward,0.4,0.006,10.0,-0.5991912026217612,0.010239835239069073,-2.649847327562682e-05,0.010239835239069073,-0.1836255886599998,-0.0009682483469429064,1.1443916996305594e-16,6.2341624917916505e-19,3.982063211023492
hayward,0.4,0.006,12.0,-0.5993159411302273,0.010239834172756507,-2.598890782867791e-05,0.010239834172756507,-0.1843198434340314,-0.0009682503465874362,1.1443916996305594e-16,8.677851511149104e-19,4.797254504346078
hayward,0.4,0.006,14.0,-0.5993533516372387,0.01023983402479181,-2.066591434801701e-05,0.01023983402479181,-0.18463481905798107,-0.0009682507799976051,2.237726045655905e-16,2.881306796001149e-19,5.609229894045341
hayward,0.4,0.006,16.0,-0.5993509860419793,0.010239834001482734,-1.3298455955323973e-06,0.010239834001482734,-0.18479466808281322,-0.000968250762863207,2.220446049250313e-16,2.1792193963256754e-18,6.4192467870267205
hayward,0.5,0.002,10.0,-0.3785008097488672,0.0029556396124856,-1.3859438424301818e-05,0.0029556396124856,-0.35966734317748966,-0.0003504258554576957,2.2247786310271853e-16,1.3325656282941258e-18,3.9841241259635916
hayward,0.5,0.002,12.0,-0.378605731050383,0.00295563929738768,-1.402699797847795e-05,0.00295563929738768,-0.36078770934283777,-0.00035042652440442357,6.938893903907228e-18,3.2085608041992897e-18,4.79697057902486
hayward,0.5,0.002,14.0,-0.3786399992624047,0.002955639251709219,-1.4108383179667339e-05,0.002955639251709219,-0.3612923298988272,-0.00035042663862281526,2.2215299868541707e-16,1.4365678785432934e-18,5.606797158069022
hayward,0.5,0.002,16.0,-0.37865295457005743,0.002955639244970193,-1.4132806819944221e-05,0.002955639244970193,-0.3615459928988962,-0.00035042670824162597,1.3877787807814457e-17,6.664550826335744e-19,6.414464488338425
hayward,0.5,0.004,10.0,-0.37854236450615225,0.005913356013751703,-5.541419570936901e-05,0.005913356013751703,-0.35967335451500326,-0.000701092821252941,1.1188630228279524e-16,2.435574272903474e-18,3.9847950411778426
hayward,0.5,0.004,12.0,-0.3786476694361967,0.005913355382380137,-5.596538379221139e-05,0.005913355382380137,-0.36079367305029175,-0.0007010942014888805,1.1188630228279524e-16,1.1248597539537109e-18,4.798061669236311
hayward,0.5,0.004,14.0,-0.3786817016560571,0.005913355287944733,-5.5810776832032616e-05,0.005913355287944733,-0.36129829018242277,-0.0007010945455556278,4.440892098500626e-16,2.656295322589486e-18,5.608455040052173
hayward,0.5,0.004,16.0,-0.37869311383725446,0.005913355256835173,-5.429207401697056e-05,0.005913355256835173,-0.36155201525866026,-0.0007010948044817791,1.1443916996305594e-16,3.577969838389359e-19,6.416858141243255
hayward,0.5,0.006,10.0,-0.3786113855862916,0.008875227306562594,-0.00012443527584871106,0.008875227306562594,-0.3596833899442544,-0.001052242144662728,2.237726045655905e-16,7.047314121155779e-19,3.9859145883722316
hayward,0.5,0.006,12.0,-0.37871621931870436,0.008875226363737165,-0.00012451526629986276,0.008875226363737165,-0.36080369480863494,-0.0010522441854183343,5.551115123125783e-17,6.52776150125814e-19,4.799883244199758
hayward,0.5,0.006,14.0,-0.3787453809444532,0.008875226221921939,-0.00011949006522815608,0.008875226221921939,-0.3613085414577261,-0.0010522447738361904,5.551115123125783e-17,7.047314121155779e-19,5.611224459417063
hayward,0.5,0.006,16.0,-0.3787391426574451,0.008875226210706355,-0.00010032089420763945,0.008875226210706355,-0.36156308613081073,-0.0010522450312478102,4.440892098500626e-16,2.656295322589486e-18,6.420859261422884
hayward,0.6,0.002,10.0,-0.104531402017821,0.0024276003400153234,-2.748931354594475e-05,0.0024276003400153234,-0.6230984596892049,-0.0003467463336467094,4.460365043975677e-16,2.604351804574927e-18,3.9887382487168694
hayward,0.6,0.002,12.0,-0.10464822419834291,0.0024276000686671018,-2.7746060430822173e-05,0.0024276000686671018,-0.6248023452868934,-0.0003467469699951001,4.443059973708341e-16,1.683188954477194e-19,4.800120586133361
hayward,0.6,0.002,14.0,-0.10468555496332191,0.002427600026754184,-2.787241973004062e-05,0.002427600026754184,-0.6255668139730799,-0.0003467471971031269,1.1102230246251565e-16,0.0,5.609185808793773
hayward,0.6,0.002,16.0,-0.1046992847016827,0.0024276000176705614,-2.792173923531205e-05,0.0024276000176705614,-0.6259497401571698,-0.00034674725877104073,2.2247786310271853e-16,3.0309296048282375e-18,6.416393914825154
hayward,0.6,0.004,10.0,-0.10461384461308824,0.00485707822975967,-0.00010993190881318504,0.00485707822975967,-0.6231172798894423,-0.0006937558869523908,2.237726045655905e-16,4.58588362479686e-18,3.989408968781169
hayward,0.6,0.004,12.0,-0.10473131781515999,0.004857077690566203,-0.00011083967724789812,0.004857077690566203,-0.6248214553061877,-0.0006937571550765798,2.237726045655905e-16,2.4220758647433977e-18,4.801211872768641
hayward,0.6,0.004,14.0,-0.10476854749482846,0.004857077610006533,-0.00011086495123659168,0.004857077610006533,-0.6255861387965865,-0.0006937574869131241,1.2412670766236366e-16,2.989430681940366e-18,5.610844148047041
hayward,0.6,0.004,16.0,-0.10478080919825403,0.0048570775975601554,-0.00010944623580663726,0.0048570775975601554,-0.6259692853489617,-0.0006937573796676338,2.7755575615628914e-17,5.421010862427522e-19,6.418788228539722
hayward,0.6,0.006,10.0,-0.10475100623627945,0.007290312513194452,-0.00024709353200438877,0.007290312513194452,-0.6231486669269868,-0.0010412920859174946,3.433175098891678e-16,3.892572694516993e-18,3.9905281923755838
hayward,0.6,0.006,12.0,-0.1048684539941169,0.007290311708107344,-0.0002479758562048129,0.007290311708107344,-0.6248534038320727,-0.0010412939846877467,2.220446049250313e-16,2.168404344971009e-18,4.803033777680481
hayward,0.6,0.006,14.0,-0.10490103838912909,0.007290311595549381,-0.00024335584553722422,0.007290311595549381,-0.6256187281071626,-0.0010412943473651348,2.237726045655905e-16,7.547674805973367e-18,5.613614333419247
hayward,0.6,0.006,16.0,-0.1048957765833117,0.007290311576950259,-0.00022441362086431105,0.007290311576950259,-0.6260031018733749,-0.0010412949478145195,1.2412670766236366e-16,1.0185154709677554e-18,6.422790455703894
hayward,0.7,0.002,10.0,0.2255259871965536,0.0018442679299065512,-4.407505522996402e-05,0.0018442679299065512,-0.9920828810481229,-0.00030885755030865547,4.440892098500626e-16,2.4879132704032526e-19,3.9940688975923555
hayward,0.7,0.002,12.0,0.22534290999938333,0.001844267713226655,-4.4449912121269364e-05,0.001844267713226655,-0.9945499536856026,-0.000308858051239258,2.220446049250313e-16,7.426784881525705e-18,4.803761591374172
hayward,0.7,0.002,14.0,0.22528287062280275,0.001844267681586187,-4.4635829968581175e-05,0.001844267681586187,-0.9956552323117287,-0.0003088582477164814,2.220446049250313e-16,1.8275822813942304e-18,5.611945906256946
hayward,0.7,0.002,16.0,0.2252601529874297,0.0018442676688064097,-4.47184950843893e-05,0.0018442676688064097,-0.9962080324723319,-0.0003088580706542554,3.3422138886441676e-16,4.607859233063394e-19,6.4186222038658824
hayward,0.7,0.004,10.0,0.22539378953822112,0.0036901725862859003,-0.00017627271356243646,0.0036901725862859003,-0.9921204970230294,-0.0006179848844716784,2.2887833992611187e-16,1.5786221915782286e-18,3.9947393706893086
hayward,0.7,0.004,12.0,0.2252097068622387,0.003690172150055293,-0.00017765304926589676,0.003690172150055293,-0.9945883708813699,-0.0006179859750206074,5.551115123125783e-17,1.6805133673525319e-18,4.80485308603669
hayward,0.7,0.004,14.0,0.22514958975250385,0.0036901720838353747,-0.00017791670026748307,0.0036901720838353747,-0.995694193508182,-0.0006179864463968787,2.220446049250313e-16,1.2690261071493108e-18,5.613604755783251
hayward,0.7,0.004,16.0,0.22512824075416132,0.003690172085385912,-0.00017663072835277793,0.003690172085385912,-0.9962474450995772,-0.0006179859120999387,4.47545209131181e-16,4.716279450311944e-18,6.421017262730425
hayward,0.7,0.006,10.0,0.2251737098539357,0.005539351978275597,-0.0003963523978478545,0.005539351978275597,-0.9921832142696478,-0.0009276520486057316,5.578801654593729e-16,1.8174540230252396e-18,3.9958581845389984
hayward,0.7,0.006,12.0,0.22498906196737967,0.005539351325259734,-0.0003982979441249368,0.005539351325259734,-0.9946525145150622,-0.000927653758847069,1.1102230246251565e-16,4.466333970210268e-18,4.806675340592017
hayward,0.7,0.006,14.0,0.2249332915491628,0.0055393512280028645,-0.0003942149036085252,0.0055393512280028645,-0.995759572465789,-0.0009276543930043513,1.2412670766236366e-16,3.2526065174565133e-18,5.61637579604809
hayward,0.7,0.006,16.0,0.22492929846625187,0.005539351214449706,-0.0003755730162622317,0.005539351214449706,-0.996314577556741,-0.0009276540962698809,2.2887833992611187e-16,2.9493487749136975e-18,6.425020738243852
hayward,0.8,0.002,10.0,0.6152401091775843,0.0012288931816550885,-6.388020636194369e-05,0.0012288931816550885,-1.4852174253066044,-0.00023667156090823038,4.47545209131181e-16,6.79012718401704e-18,4.0000690136468116
hayward,0.8,0.002,12.0,0.6149104817558749,0.0012288930237076556,-6.440842647792433e-05,0.0012288930237076556,-1.488643662284471,-0.00023667193074988768,6.684427777288335e-16,3.5502448051778035e-18,4.807861911112291
hayward,0.8,0.002,14.0,0.614798560523391,0.0012288930032635648,-6.46715556260613e-05,0.0012288930032635648,-1.4901794320614365,-0.00023667191910298202,1.4443570596498132e-15,1.0606945790432344e-17,5.61505299365988
hayward,0.8,0.002,16.0,0.6147545995172838,0.001228892999173281,-6.479710885498591e-05,0.001228892999173281,-1.4909476244375828,-0.00023667182256281727,6.661338147750939e-16,2.927345865710862e-18,6.421129110598921
hayward,0.8,0.004,10.0,0.615048498521102,0.002459135951612179,-0.00025549086284426537,0.002459135951612179,-1.4852805187686309,-0.0004735997741410758,4.577566798522237e-16,1.6263032587282567e-18,4.00073918183246
hayward,0.8,0.004,12.0,0.6147174056643057,0.0024591356332339664,-0.00025748451804719075,0.0024591356332339664,-1.4887082588515306,-0.00047360072760771477,7.771561172376096e-16,4.635519035990621e-18,4.808953616435806
hayward,0.8,0.004,14.0,0.6146051747514724,0.0024591355956937733,-0.0002580573275446918,0.0024591355956937733,-1.49024502115856,-0.0004736007649257523,2.482534153247273e-16,8.285461368446635e-18,5.616712395303765
hayward,0.8,0.004,16.0,0.6145624530364191,0.0024591355705410045,-0.00025694358971972697,0.0024591355705410045,-1.4910139805800815,-0.0004736000464717893,8.95090418262362e-16,4.662069341687669e-18,6.423524985749051
hayward,0.8,0.006,10.0,0.6147294055406096,0.00369207916023484,-0.0005745838433366401,0.00369207916023484,-1.4853857020925205,-0.0007110416976039424,1.3506446028928519e-15,3.496446946337351e-18,4.001857489550908
hayward,0.8,0.006,12.0,0.614396980957465,0.003692078683259936,-0.0005779092248878737,0.003692078683259936,-1.4888160482445716,-0.0007110431074071055,1.5700924586837751e-15,5.057544569639795e-18,4.8107762253383415
hayward,0.8,0.006,14.0,0.6142887091844016,0.0036920786168250785,-0.000574522894615459,0.0036920786168250785,-1.4903548424687947,-0.0007110430670993484,2.482534153247273e-16,6.938893903907228e-18,5.619484360689429
hayward,0.8,0.006,16.0,0.6142631263445895,0.0036920785569440895,-0.0005562702815493648,0.0036920785569440895,-1.4911262274712174,-0.0007110432404200395,1.1102230246251565e-16,1.3884562417838567e-18,6.427529828884517
hayward,0.9,0.002,10.0,1.0692430432181448,0.0006114737436035966,-8.724185206343549e-05,0.0006114737436035966,-2.121698539236386,-0.00013354217542738134,1.6690311775283582e-15,1.3904866443919908e-17,4.006691962623382
hayward,0.9,0.002,12.0,1.0686567572946046,0.0006114736539837295,-8.79656771246573e-05,0.0006114736539837295,-2.1262899601646263,-0.00013354227480788516,1.0053497077208614e-15,1.769376755963805e-17,4.812390067041324
hayward,0.9,0.002,14.0,1.0684528017329886,0.0006114736644082797,-8.832721140050737e-05,0.0006114736644082797,-2.1283524352753673,-0.0001335429472197891,1.2212453270876722e-15,9.595189226496714e-18,5.618482744988425
hayward,0.9,0.002,16.0,1.0683706723737973,0.0006114736842377511,-8.85072640155471e-05,0.0006114736842377511,-2.1293855948866707,-0.00013354171641788426,1.0235750533041806e-15,1.970058298150069e-17,6.423894488938507
hayward,0.9,0.004,10.0,1.0689813508061667,0.001223953213767004,-0.0003489342640414783,0.001223953213767004,-2.121794318106015,-0.0002673022536678893,2.010699415441723e-15,1.0338082335557324e-17,4.00736176201858
hayward,0.9,0.004,12.0,1.0683930128865597,0.001223953022586599,-0.00035171008516954316,0.001223953022586599,-2.1263881424221527,-0.0002673028093762575,1.0934428697813141e-15,1.3877787807814457e-17,4.8134819769678545
hayward,0.9,0.004,14.0,1.068188451632702,0.0012239529995241583,-0.0003526773116870885,0.0012239529995241583,-2.128452185178244,-0.00026730328017565697,4.002966042486721e-16,2.1537178803976964e-17,5.620142729806099
hayward,0.9,0.004,16.0,1.0681073967475467,0.0012239529940654137,-0.0003517828902661613,0.0012239529940654137,-2.12948652415454,-0.0002673031743012366,1.2412670766236366e-15,3.040718396337909e-17,6.426291238773061
hayward,0.9,0.006,10.0,1.0685454652076594,0.0018384453451716354,-0.0007848198625488578,0.0018384453451716354,-2.1219539811781445,-0.00040149833921088174,8.005932084973442e-16,3.705370968959021e-18,4.008479457297175
hayward,0.9,0.006,12.0,1.0679548182930683,0.0018384450956077103,-0.0007899046786610242,0.0018384450956077103,-2.1265519231817853,-0.00040149923992505165,1.1102230246251565e-16,1.691355389077387e-17,4.815304930394189
hayward,0.9,0.006,14.0,1.067753722227101,0.0018384450010451303,-0.0007874067172881638,0.0018384450010451303,-2.1286190076742413,-0.00040149911350262357,4.440892098500626e-16,8.542522420166516e-18,5.622915672502163
hayward,0.9,0.006,16.0,1.0676895300726414,0.0018384450690227538,-0.0007696495651714486,0.0018384450690227538,-2.1296565744437843,-0.000401502889195271,8.881784197001252e-16,1.8542076143962482e-17,6.430297547493643
hayward,1e-05,0.0005,10.0,-0.9839938810614984,0.0010666752671866387,9.866116075230025e-07,0.0010666752671866387,1.7274507011975126e-08,-2.5086110789653715e-09,1.1103585416259206e-16,5.029968982661321e-23,3.973027828417914
hayward,1e-05,0.0005,12.0,-0.9842227179063332,0.0010666751572188781,9.863335820314845e-07,0.0010666751572188781,9.154299649033842e-09,-2.5086166510686224e-09,0.0,4.9781188887298875e-23,4.7892051318924835
hayward,1e-05,0.0005,14.0,-0.9843051404602221,0.0010666751408218954,9.859567927650303e-07,0.0010666751408218954,5.314795031412238e-09,-2.5086176860626945e-09,2.220513810852149e-16,1.857093341589263e-23,5.600647258049146
hayward,1e-05,0.0005,16.0,-0.9843396270812242,0.0010666751379134528,9.856648732764484e-07,0.0010666751379134528,3.3058132402222764e-09,-2.5086177396701707e-09,2.220513810852149e-16,1.8417693326376007e-24,6.409164576223297
hayward,1e-05,0.001,10.0,-0.9839909212749087,0.002133389855486629,3.946398197229861e-06,0.002133389855486629,1.729533354125319e-08,-5.017312233526504e-09,2.220717083251841e-16,2.0123753339766626e-23,3.973069755275853
hayward,1e-05,0.001,12.0,-0.9842197588651602,0.002133389635700561,3.9453747550100005e-06,0.002133389635700561,9.176058157978182e-09,-5.017323277887578e-09,3.469446951953614e-18,3.483205860672515e-23,4.789273224313868
hayward,1e-05,0.001,14.0,-0.9843021824470372,0.0021333896023696224,3.943969977715511e-06,0.0021333896023696224,5.337123292069974e-09,-5.0173257200097976e-09,2.220446049250313e-16,2.404124635825203e-23,5.600750666526498
hayward,1e-05,0.001,16.0,-0.9843366696144341,0.0021333895952293687,3.94313166340865e-06,0.0021333895952293687,3.3285343684031544e-09,-5.017325519153025e-09,2.220717083251841e-16,3.7632885094988486e-23,6.40931382124551
hayward,1e-05,0.0015,10.0,-0.9839859883001473,0.0032001830900545286,8.879372958681131e-06,0.0032001830900545286,1.7330042995097626e-08,-7.526193562876996e-09,2.220446049250313e-16,1.8382172844182646e-24,3.97313963865364
hayward,1e-05,0.0015,12.0,-0.984214826895662,0.0032001827601818578,8.87734425325526e-06,0.0032001827601818578,9.212319703963113e-09,-7.526210349005703e-09,2.2247786310271853e-16,3.5345802170839923e-23,4.789386723743638
hayward,1e-05,0.0015,14.0,-0.9842972510508395,0.00320018271092129,8.875366175331578e-06,0.00320018271092129,5.374362864912436e-09,-7.526213829307877e-09,6.938893903907228e-18,5.686866711302065e-25,5.600923038518823
hayward,1e-05,0.0015,16.0,-0.9843317353626087,0.003200182700722462,8.877383488870016e-06,0.003200182700722462,3.366412028002108e-09,-7.526214057429553e-09,1.1188630228279524e-16,3.7554962032736633e-23,6.409562608649941
hayward,1e-05,0.002,10.0,-0.9839790820600121,0.004267094297211553,1.5785613093899364e-05,0.004267094297211553,1.737863664468051e-08,-1.0035345070745721e-08,2.220446049250313e-16,1.3958672836832342e-24,3.9732374864726037
hayward,1e-05,0.002,12.0,-0.9842079209050985,0.004267093857370931,1.578333481677685e-05,0.004267093857370931,9.263087445603847e-09,-1.0035367338204544e-08,6.938893903907228e-18,3.278930182220348e-23,4.78954564827151
hayward,1e-05,0.002,14.0,-0.9842903411612265,0.004267093791366777,1.578525578838086e-05,0.004267093791366777,5.426479251887551e-09,-1.0035372091274291e-08,6.938893903907228e-18,6.362390310039855e-23,5.601164410817515
hayward,1e-05,0.002,16.0,-0.984324805549282,0.004267093777354243,1.5807196815487146e-05,0.004267093777354243,3.4194005862034345e-09,-1.0035375672089246e-08,2.2215299868541707e-16,5.751285140505014e-23,6.409911006979347
hayward,1e-05,0.0025,10.0,-0.9839702021779299,0.005334162804375084,2.4665495176101615e-05,0.005334162804375084,1.7441113099100767e-08,-1.2544856960839786e-08,0.0,5.296540228972842e-24,3.973363309821638
hayward,1e-05,0.0025,12.0,-0.9841990378293723,0.005334162255138351,2.4666410542883987e-05,0.005334162255138351,9.32834989342516e-09,-1.254488509463381e-08,2.2215299868541707e-16,2.6418232570671992e-23,4.789750023220151
hayward,1e-05,0.0025,14.0,-0.9842814388696661,0.0053341621743914075,2.468754734874512e-05,0.0053341621743914075,5.49346171948616e-09,-1.2544891838560754e-08,2.2215299868541707e-16,1.2825051277054363e-23,5.601474834923067
hayward,1e-05,0.0025,16.0,-0.9843158301866882,0.005334162158219281,2.4782559409297633e-05,0.005334162158219281,3.4875005405120253e-09,-1.254489117808319e-08,6.938893903907228e-18,2.2679923147723918e-23,6.410359112176808
hayward,1e-05,0.003,10.0,-0.9839593476481127,0.00640142795049807,3.552002499329632e-05,0.00640142795049807,1.751747033145534e-08,-1.5054819367314908e-08,1.3877787807814457e-17,5.893661864440322e-24,3.973517122956167
hayward,1e-05,0.003,12.0,-0.9841881712229997,0.0064014272904626135,3.553301691550104e-05,0.0064014272904626135,9.408110897538815e-09,-1.5054852707534645e-08,1.3877787807814457e-17,1.2407709188295415e-24,4.789999881142232
hayward,1e-05,0.003,14.0,-0.9842705158019537,0.006401427192270853,3.56106150611879e-05,0.006401427192270853,5.575289463572154e-09,-1.5054860858566978e-08,0.0,2.5683425208697417e-24,5.60185437703766
hayward,1e-05,0.003,16.0,-0.9843047063408199,0.006401427170873858,3.5906405277619236e-05,0.006401427170873858,3.570546565427539e-09,-1.5054861297164083e-08,0.0,1.313271339871655e-23,6.410907047569065
hayward,1e-05,0.0035,10.0,-0.9839465165827123,0.0074689290739370084,4.835109039369456e-05,0.0074689290739370084,1.7607707742506935e-08,-1.7565322159316315e-08,2.2247786310271853e-16,1.6543612251060553e-23,3.9736989432969123
hayward,1e-05,0.0035,12.0,-0.9841753092384318,0.007468928304754027,4.839500148345888e-05,0.007468928304754027,9.502342960668531e-09,-1.7565361619671475e-08,2.2247786310271853e-16,3.0706817247724735e-23,4.7902952618166506
hayward,1e-05,0.0035,14.0,-0.9842575200117565,0.007468928188935756,4.8606405258388996e-05,0.007468928188935756,5.671922643738188e-09,-1.75653679083519e-08,1.3877787807814457e-17,2.481541837659083e-24,5.602303118055594
hayward,1e-05,0.0035,16.0,-0.9842912475534404,0.00746892816463432,4.936519265708039e-05,0.00746892816463432,3.6684159923128675e-09,-1.756537024802951e-08,0.0,1.4268865566539727e-23,6.411554963844919
hayward,1e-05,0.004,10.0,-0.9839317057094645,0.008536705528894448,6.316196364142268e-05,0.008536705528894448,1.7711818469210597e-08,-2.007645564770349e-08,0.0,1.468245587281624e-23,3.9739087914283164
hayward,1e-05,0.004,12.0,-0.9841604324006512,0.008536704649536306,6.327183926402302e-05,0.008536704649536306,9.611028488390184e-09,-2.007650066980368e-08,1.1188630228279524e-16,4.087278867897352e-23,4.790636212243902
hayward,1e-05,0.004,14.0,-0.9842423666100797,0.008536704519517532,6.37598069351819e-05,0.008536704519517532,5.783198744444345e-09,-2.0076511303875185e-08,1.3877787807814457e-17,1.24421273104136e-23,5.602821153551624
hayward,1e-05,0.004,16.0,-0.9842751481338335,0.008536704494561273,6.546461226397682e-05,0.008536704494561273,3.78067142022507e-09,-2.0076514333101433e-08,1.1188630228279524e-16,1.6543612251060553e-23,6.412303039029006
hayward,1e-05,0.0045,10.0,-0.9839149099373984,0.009604796668769497,7.995773570756981e-05,0.009604796668769497,1.7829795014938428e-08,-2.2588309952341066e-08,2.220446049250313e-16,3.242927806796501e-23,3.9741466910967134
hayward,1e-05,0.0045,12.0,-0.9841435107675808,0.00960479567922834,8.01934723344555e-05,0.00960479567922834,9.734134035439001e-09,-2.2588359755877467e-08,0.0,2.913977792189656e-23,4.791022786640632
hayward,1e-05,0.0045,14.0,-0.9842249254065203,0.009604795533235608,8.12010104945804e-05,0.009604795533235608,5.909052758710909e-09,-2.2588371437222052e-08,0.0,2.1318965580481566e-23,5.603408593767136
hayward,1e-05,0.0045,16.0,-0.9842559406674323,0.009604795509877903,8.467207866524884e-05,0.009604795509877903,3.907078804161662e-09,-2.258837162852863e-08,2.220446049250313e-16,9.429858983104515e-23,6.413151478450785
hayward,1e-05,0.005,10.0,-0.9838961217171672,0.01067324186401658,9.874595593872826e-05,0.01067324186401658,1.79616269841037e-08,-2.5100975469411177e-08,1.1102230246251565e-16,1.24421273104136e-23,3.974412669208205
hayward,1e-05,0.005,12.0,-0.9841245007179538,0.010673240765648365,9.92035219614662e-05,0.010673240765648365,9.871588972139633e-09,-2.5101031773369315e-08,0.0,5.296540228972842e-24,4.791455046433346
hayward,1e-05,0.005,14.0,-0.9842050074147598,0.01067324060564373,0.00010111900225506787,0.01067324060564373,6.049245587091788e-09,-2.5101044203520803e-08,2.220446049250313e-16,3.0784012987430487e-23,5.604065563594278
hayward,1e-05,0.005,16.0,-0.9842329468363802,0.010673240575634943,0.00010766590971733603,0.010673240575634943,4.046757927559011e-09,-2.510105647865393e-08,2.220446049250313e-16,1.4634318934964737e-23,6.414100514708718
hayward,1e-05,0.0055,10.0,-0.9838753304137475,0.011742080500110524,0.00011953725935842652,0.011742080500110524,1.8107299037865553e-08,-2.761454232830047e-08,1.3877787807814457e-17,1.4446088348199958e-23,3.974706755826272
hayward,1e-05,0.0055,12.0,-0.9841033414294662,0.0117420792938088,0.00012036281044902619,0.0117420792938088,1.0023345893902216e-08,-2.7614603463480453e-08,1.3877787807814457e-17,4.549493369041652e-23,4.79193306025129
hayward,1e-05,0.0055,14.0,-0.9841823494016328,0.011742079117268697,0.00012377701538202057,0.011742079117268697,6.2034832343177826e-09,-2.7614616824862696e-08,0.0,2.4625126546389917e-23,5.604792202557938
hayward,1e-05,0.0055,16.0,-0.9842052217794138,0.01174207908394817,0.00013539096668369055,0.01174207908394817,4.198946959126669e-09,-2.7614617366771966e-08,2.237726045655905e-16,3.410553037019251e-24,6.415150407629803
hayward,1e-05,0.006,10.0,-0.9838525215599078,0.012811351964686107,0.00014234611319818846,0.012811351964686107,1.8266793758717055e-08,-3.0129100346695406e-08,0.0,1.5716431638507526e-23,3.9750289841690716
hayward,1e-05,0.006,12.0,-0.9840799507047481,0.012811350651566578,0.00014375353516715705,0.012811350651566578,1.0189283236526066e-08,-3.012916751247448e-08,0.0,1.819797347616661e-23,4.792456903918457
hayward,1e-05,0.006,14.0,-0.9841565963783301,0.012811350466397725,0.00014953003868478643,0.012811350466397725,6.3713987247982545e-09,-3.012917904973467e-08,0.0,1.3241350572432105e-23,5.605588664795649
hayward,1e-05,0.006,16.0,-0.9841714916118666,0.01281135044756082,0.00016912113423095398,0.01281135044756082,4.36218290645126e-09,-3.012918017638107e-08,2.237726045655905e-16,6.667019291611301e-23,6.416301444224372
hayward,0.95,0.002,10.0,1.322219017396004,0.0003128599831185852,-0.00010037238127336146,0.0003128599831185852,-2.4999205104394355,-7.247753555628123e-05,4.440892098500626e-16,1.808116392411436e-17,4.0102228441392365
hayward,0.95,0.002,12.0,1.3214527485655587,0.0003128599138975119,-0.00010121210336322406,0.0003128599138975119,-2.505172992051169,-7.247718292546779e-05,1.4043333874306805e-15,6.436180616093477e-18,4.814805017649424
hayward,0.95,0.002,14.0,1.3211838915218415,0.0003128599119790465,-0.00010163267226848127,0.0003128599119790465,-2.507536258827858,-7.247753440609017e-05,3.3306690738754696e-16,3.496446946337351e-18,5.620311223705397
hayward,0.95,0.002,16.0,1.3210747000200276,0.0003128599132580234,-0.00010184534867319073,0.0003128599132580234,-2.508721499720712,-7.247728981862878e-05,2.482534153247273e-15,3.4867510341210807e-17,6.425367978979981
hayward,0.95,0.004,10.0,1.3219179355622401,0.0006265250312011972,-0.00040145421503723355,0.0006265250312011972,-2.500035451246916,-0.0001451405105896697,1.7763568394002505e-15,3.5561831257524545e-17,4.010892433430242
hayward,0.95,0.004,12.0,1.32114926699815,0.0006265249247832116,-0.000404693670772005,0.0006265249247832116,-2.5052908616136658,-0.00014514125937559186,5.773159728050814e-15,1.1275702593849246e-17,4.815897025027996
hayward,0.95,0.004,14.0,1.3208796288926203,0.0006265249347663371,-0.0004058953014896005,0.0006265249347663371,-2.507656025348041,-0.00014514159824585704,1.9984014443252818e-15,7.757919228897728e-18,5.6219715085619795
hayward,0.95,0.004,16.0,1.3207714146114071,0.0006265249057832989,-0.000405130757293648,0.0006265249057832989,-2.508842663891792,-0.00014514312583280287,1.2560739669470201e-15,1.0444418402013024e-17,6.4277651842935475
hayward,0.95,0.006,10.0,1.3214164077346489,0.0009418014606126235,-0.0009029820426285085,0.0009418014606126235,-2.500227051198613,-0.00021817451380634623,1.897149936107019e-15,3.469446951953614e-18,4.012009779690348
hayward,0.95,0.006,12.0,1.320644850242747,0.0009418013188522423,-0.0009091104261749194,0.0009418013188522423,-2.505487462804072,-0.0002181750451395459,5.10702591327572e-15,7.632783294297951e-17,4.817720142724042
hayward,0.95,0.006,14.0,1.320378384583389,0.0009418012488637828,-0.000907139610720975,0.0009418012488637828,-2.5078562542924008,-0.0002181710321096375,4.440892098500626e-15,1.3985787785349405e-17,5.6247449541436225
hayward,0.95,0.006,16.0,1.3202868690441,0.000941801160614375,-0.0008896763246006856,0.000941801160614375,-2.509046579626883,-0.0002181634625770812,3.774758283725532e-15,3.029564307160424e-17,6.431772256247332
hayward,0.99,0.002,10.0,1.5378710642332365,7.624779388493153e-05,-0.00011140227939421266,7.624779388493153e-05,-2.8336411315747583,-1.8492326262276038e-05,3.972054645195637e-15,2.8609792490763984e-17,4.013147882787943
hayward,0.99,0.002,12.0,1.5369319223346807,7.624781247272949e-05,-0.00011234558964900998,7.624781247272949e-05,-2.8394599102688183,-1.848817671401548e-05,2.5864145986817697e-14,2.8609792490763984e-17,4.816806030220463
hayward,0.99,0.002,14.0,1.5366005650796808,7.624799496852575e-05,-0.00011281689646125415,7.624799496852575e-05,-2.8420820863078244,-1.849167793466222e-05,1.5943977756741603e-14,1.8041124150158794e-16,5.621825933293806
hayward,0.99,0.002,16.0,1.536465245185866,7.62479565707963e-05,-0.00011305722108545524,7.62479565707963e-05,-2.8433985923147755,-1.8524929210173013e-05,5.284661597215745e-14,3.122502256758253e-17,6.426588199759978
hayward,0.99,0.004,10.0,1.53753689560682,0.00015314405970912048,-0.00044557090581065495,0.00015314405970912048,-2.8337729359131956,-3.714024714440711e-05,2.0791723739534308e-14,2.1544120232613906e-16,4.013817291054776
hayward,0.99,0.004,12.0,1.5365950473566272,0.0001531443056705939,-0.00044922056770246854,0.0001531443056705939,-2.839595124878265,-3.713779010183771e-05,1.4210854715202004e-14,2.914335439641036e-16,4.817898112345538
hayward,0.99,0.004,14.0,1.5362627536342188,0.00015314501973762162,-0.00045062834192322043,0.00015314501973762162,-2.8422194834848042,-3.714858834769075e-05,1.4210854715202004e-14,8.441528768080324e-17,5.623486461140115
hayward,0.99,0.004,16.0,1.5361283253088516,0.00015314390566345537,-0.0004499770980999074,0.00015314390566345537,-2.843537713118778,-3.7104274525745495e-05,8.881784197001252e-15,1.942890293094024e-16,6.42898577687084
hayward,0.99,0.006,10.0,1.5369802280881117,0.00023133802142183413,-0.0010022384245189642,0.00023133802142183413,-2.8339926451220236,-5.610451177062714e-05,1.0048591735576161e-14,1.1102230246251565e-16,4.014934336552781
hayward,0.99,0.006,12.0,1.5360349779033413,0.00023133756690185692,-0.0010092900209883737,0.00023133756690185692,-2.8398205926983024,-5.6106579876313845e-05,7.105427357601002e-15,2.498001805406602e-16,4.81972135613787
hayward,0.99,0.006,14.0,1.5357055994399502,0.000231337784725838,-0.0010077825361918258,0.000231337784725838,-2.8424490677374337,-5.609777767290325e-05,2.2748467065386707e-14,3.2487068343022356e-16,5.626260314024147
hayward,0.99,0.006,16.0,1.535587725480184,0.0002313367434680913,-0.0009905769267675169,0.0002313367434680913,-2.8437713898813826,-5.621335384375925e-05,2.5864145986817697e-14,2.0206364052201326e-16,6.4329934718616535
hayward,0.5,0.0005,10.0,-0.3784878165364357,0.0007388287891040429,-8.662259928238214e-07,0.0007388287891040429,-0.3596654652330715,-8.759704617482093e-05,2.220717083251841e-16,3.0527067419044984e-18,3.9839145900746082
hayward,0.5,0.0005,12.0,-0.3785925808937211,0.0007388287102662178,-8.768413166104772e-07,0.0007388287102662178,-0.3607858484478084,-8.759721626981978e-05,1.734723475976807e-18,6.088049308390284e-19,4.796629898771105
hayward,0.5,0.0005,14.0,-0.37862677331506467,0.0007388286981781997,-8.824358396219978e-07,0.0007388286981781997,-0.36129047878915627,-8.759725314314709e-05,3.3307142486596306e-16,3.2231721225394264e-18,5.606279650151442
hayward,0.5,0.0005,16.0,-0.37863970729375385,0.0007388286960905363,-8.855305163590899e-07,0.0007388286960905363,-0.3615441455479787,-8.759727717190264e-05,1.1107649934270853e-16,1.5052098558447686e-18,6.413717552318505
hayward,0.5,0.001,10.0,-0.3784904152219755,0.0014776900226108058,-3.4649115326357283e-06,0.0014776900226108058,-0.359665840916134,-0.0001751978628130972,4.441027621704298e-16,9.656175598699024e-19,3.9839564924852504
hayward,0.5,0.001,12.0,-0.3785952113407519,0.0014776898646636505,-3.507288347415205e-06,0.0014776898646636505,-0.3607862207824085,-0.00017519820391944177,1.1150912609939193e-16,1.8041477674144478e-18,4.796698023945521
hayward,0.5,0.001,14.0,-0.378629420379188,0.00147768984053967,-3.529499962962035e-06,0.00147768984053967,-0.36129084941327955,-0.00017519829100671493,3.3308497693360055e-16,1.4164298093599093e-18,5.606383129625624
hayward,0.5,0.001,16.0,-0.378642363673635,0.0014776898354196683,-3.541910397530934e-06,0.0014776898354196683,-0.3615445151985989,-0.00017519822617476435,0.0,1.6008922703106276e-19,6.413866898345706
hayward,0.5,0.0015,10.0,-0.378494746359428,0.002216616147532352,-7.796048985098114e-06,0.002216616147532352,-0.3596664667408416,-0.00026280620678030553,5.555016879717332e-16,1.1803154140807984e-18,3.9840263351332696
hayward,0.5,0.0015,12.0,-0.37859959511651897,0.0022166159111452477,-7.8910641144736e-06,0.0022166159111452477,-0.36078684115481635,-0.0002628067189820553,2.220446049250313e-16,2.6646509528244537e-18,4.796811577988027
hayward,0.5,0.0015,14.0,-0.3786338308025836,0.0022166158749928055,-7.939923358568635e-06,0.0022166158749928055,-0.36129146662569844,-0.0002628068290254828,2.2247786310271853e-16,6.776263578034403e-20,5.606555619982683
hayward,0.5,0.0015,16.0,-0.37864678584602296,0.0022166158653327134,-7.964082785472115e-06,0.0022166158653327134,-0.36154512997033644,-0.00026280689374588544,2.2215299868541707e-16,9.825582188149884e-19,6.414115854144896
hayward,0.5,0.002,10.0,-0.3785008097488672,0.0029556396124856,-1.3859438424301818e-05,0.0029556396124856,-0.35966734317748966,-0.0003504258554576957,2.2247786310271853e-16,1.3325656282941258e-18,3.9841241259635916
hayward,0.5,0.002,12.0,-0.378605731050383,0.00295563929738768,-1.402699797847795e-05,0.00295563929738768,-0.36078770934283777,-0.00035042652440442357,6.938893903907228e-18,3.2085608041992897e-18,4.79697057902486
hayward,0.5,0.002,14.0,-0.3786399992624047,0.002955639251709219,-1.4108383179667339e-05,0.002955639251709219,-0.3612923298988272,-0.00035042663862281526,2.2215299868541707e-16,1.4365678785432934e-18,5.606797158069022
hayward,0.5,0.002,16.0,-0.37865295457005743,0.002955639244970193,-1.4132806819944221e-05,0.002955639244970193,-0.3615459928988962,-0.00035042670824162597,1.3877787807814457e-17,6.664550826335744e-19,6.414464488338425
hayward,0.5,0.0025,10.0,-0.37850860489244537,0.0036947928701910604,-2.1654582002483824e-05,0.0036947928701910604,-0.3596684701265828,-0.0004380605735264803,2.2301825219878386e-16,1.734723475976807e-18,3.9842498760981337
hayward,0.5,0.0025,12.0,-0.37861361598329,0.0036947924759300477,-2.1911930885520903e-05,0.0036947924759300477,-0.36078882634824466,-0.00043806143030478834,2.2301825219878386e-16,6.776263578034403e-21,4.797175052429801
hayward,0.5,0.0025,14.0,-0.3786479119050317,0.0036947924158170775,-2.202102580667331e-05,0.0036947924158170775,-0.36129344255404666,-0.00043806161132551105,2.2247786310271853e-16,3.2340955839575943e-18,5.607107795462134
hayward,0.5,0.0025,16.0,-0.3786608203205478,0.00369479239943879,-2.1998557310332068e-05,0.00369479239943879,-0.3615471070753069,-0.00043806170679332526,2.2247786310271853e-16,2.6359665318553827e-18,6.414912896980835
hayward,0.5,0.003,10.0,-0.3785181306897761,0.004434108379696322,-3.118037933319551e-05,0.004434108379696322,-0.35966984748425823,-0.0005257141282405432,2.220446049250313e-16,1.3460736752485602e-18,3.984403599834774
hayward,0.5,0.003,12.0,-0.37862324329015146,0.004434107906263002,-3.1539237746958104e-05,0.004434107906263002,-0.360790192119967,-0.0005257151369300155,4.449557262054371e-16,3.2192601232937527e-18,4.797425030821219
hayward,0.5,0.003,14.0,-0.3786575399982659,0.004434107834970363,-3.164911904085521e-05,0.004434107834970363,-0.36129480525784113,-0.0005257153840591347,1.3877787807814457e-17,2.7397565793277274e-18,5.60748759846318
hayward,0.5,0.003,16.0,-0.3786702795536524,0.004434107824825229,-3.14577904149127e-05,0.004434107824825229,-0.3615484742130387,-0.000525715707529753,0.0,2.2351400383409363e-19,6.415461203542027
hayward,0.5,0.0035,10.0,-0.37852938503940514,0.005173618603267871,-4.243472896225953e-05,0.005173618603267871,-0.3596714755734067,-0.0006133902879138162,2.220446049250313e-16,7.860465750519907e-19,3.9845853146460963
hayward,0.5,0.0035,12.0,-0.37863460102333973,0.00517361805187555,-4.289697093523559e-05,0.00517361805187555,-0.36079180736860555,-0.0006133914814765058,2.220446049250313e-16,4.412383163948269e-19,4.797720554058283
hayward,0.5,0.0035,14.0,-0.37866883167748744,0.005173617966261146,-4.2940798262391944e-05,0.005173617966261146,-0.36129641821195896,-0.0006133916745629832,2.7755575615628914e-17,7.453889935837843e-19,5.607936648087346
hayward,0.5,0.0035,16.0,-0.3786811460621762,0.005173617950290199,-4.232429893868961e-05,0.005173617950290199,-0.36155010488446565,-0.0006133919508794772,2.7755575615628914e-17,7.182839392716467e-19,6.41610955888577
hayward,0.5,0.004,10.0,-0.37854236450615225,0.005913356013751703,-5.541419570936901e-05,0.005913356013751703,-0.35967335451500326,-0.000701092821252941,1.1188630228279524e-16,2.435574272903474e-18,3.9847950411778426
hayward,0.5,0.004,12.0,-0.3786476694361967,0.005913355382380137,-5.596538379221139e-05,0.005913355382380137,-0.36079367305029175,-0.0007010942014888805,1.1188630228279524e-16,1.1248597539537109e-18,4.798061669236311
hayward,0.5,0.004,14.0,-0.3786817016560571,0.005913355287944733,-5.5810776832032616e-05,0.005913355287944733,-0.36129829018242277,-0.0007010945455556278,4.440892098500626e-16,2.656295322589486e-18,5.608455040052173
hayward,0.5,0.004,16.0,-0.37869311383725446,0.005913355256835173,-5.429207401697056e-05,0.005913355256835173,-0.36155201525866026,-0.0007010948044817791,1.1443916996305594e-16,3.577969838389359e-19,6.416858141243255
hayward,0.5,0.0045,10.0,-0.37855706372391806,0.006653353092860803,-7.01134134751813e-05,0.006653353092860803,-0.35967548484543477,-0.000788825511223272,4.449557262054371e-16,3.5236570605778894e-18,3.9850328032470315
hayward,0.5,0.0045,12.0,-0.3786624183620448,0.006653352383010125,-7.071430964028513e-05,0.006653352383010125,-0.3607957916946151,-0.0007888270497208652,2.237726045655905e-16,3.773837402986683e-18,4.7984484306812965
hayward,0.5,0.0045,14.0,-0.3786960196971337,0.0066533522696039515,-7.012881790863235e-05,0.0066533522696039515,-0.36130042538183127,-0.0007888272560013024,1.1188630228279524e-16,1.2655477284541136e-18,5.609042884763713
hayward,0.5,0.0045,16.0,-0.3787057151764204,0.006653352249588518,-6.68934131828891e-05,0.006653352249588518,-0.3615542258811346,-0.0007888273134489324,3.3306690738754696e-16,2.237932219365057e-18,6.417707156182113
hayward,0.5,0.005,10.0,-0.3785734749036624,0.007393642328968608,-8.652459321950579e-05,0.007393642328968608,-0.3596778670400858,-0.0008765921118577616,2.2247786310271853e-16,6.327738642270568e-19,3.9852986278398537
hayward,0.5,0.005,12.0,-0.37867880394536035,0.007393641542400686,-8.70998929558553e-05,0.007393641542400686,-0.3607981658001974,-0.0008765938845596982,0.0,1.2468324983583301e-18,4.798880899943612
hayward,0.5,0.005,14.0,-0.37871159649711295,0.007393641419154218,-8.570561788789899e-05,0.007393641419154218,-0.3613028357897269,-0.0008765942570889626,2.2591401799415137e-16,2.3710338953308092e-18,5.60970030730058
hayward,0.5,0.005,16.0,-0.37871827203565256,0.007393641397303752,-7.945027241507141e-05,0.007393641397303752,-0.3615567761184298,-0.0008765943725846034,1.2412670766236366e-16,1.601722953781222e-18,6.418656836570503
hayward,0.5,0.0055,10.0,-0.37859158711920854,0.008134256230766135,-0.00010463680876565684,0.008134256230766135,-0.35968050174563104,-0.0009643964204741132,1.3877787807814457e-16,1.878088852114331e-18,3.9855925451092538
hayward,0.5,0.0055,12.0,-0.3786967650719605,0.008134255366036014,-0.00010506101955598535,0.008134255366036014,-0.36080079864111464,-0.0009643983339360923,0.0,3.74049749507499e-18,4.799359145790834
hayward,0.5,0.0055,14.0,-0.3787281685840458,0.00813425523757838,-0.00010227770482074128,0.00813425523757838,-0.3613055337521009,-0.0009643988364056721,4.47545209131181e-16,2.9083356990099378e-18,5.61042744739587
hayward,0.5,0.0055,16.0,-0.378729838981982,0.008134255224311715,-9.101721874449353e-05,0.008134255224311715,-0.36155970397940085,-0.0009643985944945491,2.7755575615628914e-17,1.9905151710651124e-18,6.419707442536521
hayward,0.5,0.006,10.0,-0.3786113855862916,0.008875227306562594,-0.00012443527584871106,0.008875227306562594,-0.3596833899442544,-0.001052242144662728,2.237726045655905e-16,7.047314121155779e-19,3.9859145883722316
hayward,0.5,0.006,12.0,-0.37871621931870436,0.008875226363737165,-0.00012451526629986276,0.008875226363737165,-0.36080369480863494,-0.0010522441854183343,5.551115123125783e-17,6.52776150125814e-19,4.799883244199758
hayward,0.5,0.006,14.0,-0.3787453809444532,0.008875226221921939,-0.00011949006522815608,0.008875226221921939,-0.3613085414577261,-0.0010522447738361904,5.551115123125783e-17,7.047314121155779e-19,5.611224459417063
hayward,0.5,0.006,16.0,-0.3787391426574451,0.008875226210706355,-0.00010032089420763945,0.008875226210706355,-0.36156308613081073,-0.0010522450312478102,4.440892098500626e-16,2.656295322589486e-18,6.420859261422884
hayward,0.9,0.0005,10.0,1.0693248324076656,0.00015282916046155393,-5.452662542593245e-06,0.00015282916046155393,-2.121668609448048,-3.3377048716809465e-05,1.9985941820837785e-15,9.425646233916413e-19,4.006482776146499
hayward,0.9,0.0005,12.0,1.0687392248423877,0.00015282913731140546,-5.498129341585667e-06,0.00015282913731140546,-2.126259285323532,-3.337706660766493e-05,1.1102230246251565e-15,2.0401093917868614e-17,4.812049131760162
hayward,0.9,0.0005,14.0,1.068535607980897,0.00015282913621028626,-5.520963492156028e-06,0.00015282913621028626,-2.128321280482718,-3.337711674955557e-05,1.5553031891404223e-15,1.3727034654642685e-17,5.617964581654489
hayward,0.9,0.0005,16.0,1.0684536461407341,0.00015282914388792257,-5.533497078769045e-06,0.00015282914388792257,-2.129354136900967,-3.33775609681064e-05,1.0026641665932502e-15,7.47326028151289e-18,6.423146587623039
hayward,0.9,0.001,10.0,1.0693084743963825,0.0003056740291844662,-2.181067382567292e-05,0.0003056740291844662,-2.1216745958169074,-6.675750896234511e-05,8.899114524108741e-16,1.748276003132876e-18,4.0065246086473385
hayward,0.9,0.001,12.0,1.068722730884822,0.0003056739850397783,-2.199208690734089e-05,0.0003056739850397783,-2.126265421788641,-6.675760489516236e-05,1.1226435567921847e-15,1.7894591811703873e-17,4.812117307896858
hayward,0.9,0.001,14.0,1.0685190445053219,0.00030567397459080325,-2.208443906726032e-05,0.00030567397459080325,-2.1283275086119904,-6.675750881945941e-05,5.551115123125783e-17,4.5689707783764185e-18,5.618068192146403
hayward,0.9,0.001,16.0,1.0684370436802935,0.00030567395082359283,-2.2135957519431315e-05,0.00030567395082359283,-2.12936041283597,-6.675680349088609e-05,1.9984014443252818e-15,1.817911259740444e-17,6.42329612661424
hayward,0.9,0.0015,10.0,1.069281211226112,0.0004585503216603115,-4.907384409613691e-05,0.0004585503216603115,-2.1216845718557864,-0.00010014474072339574,4.440892098500626e-16,2.5330974814951967e-17,4.006594334809443
hayward,0.9,0.0015,12.0,1.0686952412327635,0.00045855025585783693,-4.948173896579533e-05,0.00045855025585783693,-2.1262756464432204,-0.00010014491833354455,1.1102230246251565e-15,1.5411791825191141e-18,4.8122309469245
hayward,0.9,0.0015,14.0,1.0684914407558184,0.0004585502476572856,-4.968818857076229e-05,0.0004585502476572856,-2.128337896798236,-0.00010014539867020389,2.482534153247273e-16,1.4528410249216085e-18,5.618240900939174
hayward,0.9,0.0015,16.0,1.0684093799758494,0.00045855023410990015,-4.979966196350105e-05,0.00045855023410990015,-2.1293709148350577,-0.00010014526554535941,1.5582722720639762e-15,7.773481960356566e-18,6.423545404125778
hayward,0.9,0.002,10.0,1.0692430432181448,0.0006114737436035966,-8.724185206343549e-05,0.0006114737436035966,-2.121698539236386,-0.00013354217542738134,1.6690311775283582e-15,1.3904866443919908e-17,4.006691962623382
hayward,0.9,0.002,12.0,1.0686567572946046,0.0006114736539837295,-8.79656771246573e-05,0.0006114736539837295,-2.1262899601646263,-0.00013354227480788516,1.0053497077208614e-15,1.769376755963805e-17,4.812390067041324
hayward,0.9,0.002,14.0,1.0684528017329886,0.0006114736644082797,-8.832721140050737e-05,0.0006114736644082797,-2.1283524352753673,-0.0001335429472197891,1.2212453270876722e-15,9.595189226496714e-18,5.618482744988425
hayward,0.9,0.002,16.0,1.0683706723737973,0.0006114736842377511,-8.85072640155471e-05,0.0006114736842377511,-2.1293855948866707,-0.00013354171641788426,1.0235750533041806e-15,1.970058298150069e-17,6.423894488938507
hayward,0.9,0.0025,10.0,1.0691939711637322,0.0007644600225980014,-0.0001363139064760599,0.0007644600225980014,-2.1217164976231246,-0.00016695330966909339,8.08254562088053e-16,5.2804096433425184e-18,4.00681750327495
hayward,0.9,0.0025,12.0,1.06860728270867,0.0007644599166596322,-0.00013744026305939627,0.0007644599166596322,-2.126308368487649,-0.00016695365785324157,1.5700924586837751e-15,3.511543213478341e-18,4.812594693721876
hayward,0.9,0.0025,14.0,1.068403141685403,0.0007644599395497664,-0.00013798725898617192,0.0007644599395497664,-2.1283711210621212,-0.00016695251983511739,4.002966042486721e-16,7.890876742356109e-18,5.618793776024515
hayward,0.9,0.0025,16.0,1.068320971403476,0.0007644599722489431,-0.00013820823433685625,0.0007644599722489431,-2.1294044695768255,-0.000166951953552541,7.021666937153402e-16,1.11499005620214e-17,6.424343477328787
hayward,0.9,0.003,10.0,1.0691339965121223,0.0009175248723192198,-0.00019628855808595524,0.0009175248723192198,-2.1217384461203608,-0.00020038136873257173,3.1401849173675503e-16,3.511543213478341e-18,4.0069709711441535
hayward,0.9,0.003,12.0,1.068546824067367,0.0009175247283650378,-0.00019789890436228141,0.0009175247283650378,-2.1263308647315258,-0.00020038149729728616,1.5700924586837751e-15,9.058118219994463e-18,4.81284485971406
hayward,0.9,0.003,14.0,1.0683424891221525,0.0009175246914150392,-0.0001986398222366681,0.0009175246914150392,-2.1283939805035996,-0.0002003816945066461,1.1102230246251565e-16,8.782037597132586e-18,5.619174060545054
hayward,0.9,0.003,16.0,1.0682603805810418,0.0009175246883010857,-0.0001987990567711151,0.0009175246883010857,-2.12942758349662,-0.0002003820348877028,2.220446049250313e-16,1.248104608480273e-17,6.424892493051584
hayward,0.9,0.0035,10.0,1.0690631217692366,0.0010706840248815297,-0.0002671633009716512,0.0010706840248815297,-2.1217643868820573,-0.0002338299397357524,7.021666937153402e-16,3.2526065174565133e-18,4.007152383803929
hayward,0.9,0.0035,12.0,1.0684753942642014,0.0010706838634888527,-0.00026932870752793825,0.0010706838634888527,-2.126357456882057,-0.00023383020256106946,2.482534153247273e-16,1.1837184066238756e-17,4.813140605035291
hayward,0.9,0.0035,14.0,1.0682708975743584,0.0010706838501644,-0.00027023137003068243,0.0010706838501644,-2.1284210016372995,-0.00023383087787998136,1.790180836524724e-15,1.0338082335557324e-17,5.619623679805235
hayward,0.9,0.0035,16.0,1.068189087441789,0.0010706838482406056,-0.0002700921960239189,0.0010706838482406056,-2.129454938180906,-0.00023383100845775218,1.5543122344752192e-15,2.0816681711721685e-17,6.425541687318853
hayward,0.9,0.004,10.0,1.0689813508061667,0.001223953213767004,-0.0003489342640414783,0.001223953213767004,-2.121794318106015,-0.0002673022536678893,2.010699415441723e-15,1.0338082335557324e-17,4.00736176201858
hayward,0.9,0.004,12.0,1.0683930128865597,0.001223953022586599,-0.00035171008516954316,0.001223953022586599,-2.1263881424221527,-0.0002673028093762575,1.0934428697813141e-15,1.3877787807814457e-17,4.8134819769678545
hayward,0.9,0.004,14.0,1.068188451632702,0.0012239529995241583,-0.0003526773116870885,0.0012239529995241583,-2.128452185178244,-0.00026730328017565697,4.002966042486721e-16,2.1537178803976964e-17,5.620142729806099
hayward,0.9,0.004,16.0,1.0681073967475467,0.0012239529940654137,-0.0003517828902661613,0.0012239529940654137,-2.12948652415454,-0.0002673031743012366,1.2412670766236366e-15,3.040718396337909e-17,6.426291238773061
hayward,0.9,0.0045,10.0,1.0688886895913132,0.0013773481789414177,-0.00044159547889499606,0.0013773481789414177,-2.1218282423269565,-0.00030080190236114746,4.440892098500626e-16,2.2185648392064367e-17,4.0075991297419025
hayward,0.9,0.0045,12.0,1.068299711309339,0.0013773479815863965,-0.0004450116623901934,0.0013773479815863965,-2.1264229228343545,-0.00030080186325420755,7.021666937153402e-16,9.271038071981241e-18,4.813869030053355
hayward,0.9,0.0045,14.0,1.0680952824807992,0.0013773478861676125,-0.0004458464635899162,0.0013773478861676125,-2.128487563003447,-0.00030080266683096823,2.220446049250313e-16,3.705370968959021e-18,5.620731321280584
hayward,0.9,0.0045,16.0,1.0680157777809862,0.0013773478441496678,-0.0004434018568266751,0.0013773478441496678,-2.1295224113305746,-0.00030080134964016736,1.1102230246251565e-15,2.7376909944043914e-17,6.4271413534559425
hayward,0.9,0.005,10.0,1.0687851465320621,0.0015308846861934455,-0.0005451385381460838,0.0015308846861934455,-2.121866160229249,-0.00033433218329648184,4.440892098500626e-16,1.0489340839012054e-17,4.00786451411503
hayward,0.9,0.005,12.0,1.0681955335046305,0.0015308844762138563,-0.0005491894670988096,0.0015308844762138563,-2.1264618114698806,-0.00033433267344218365,2.5918417478740246e-15,2.2618026913899002e-17,4.8143018260863775
hayward,0.9,0.005,14.0,1.0679915800966104,0.0015308844189370063,-0.0005495488477786914,0.0015308844189370063,-2.128527139005314,-0.00033433239971625284,2.7012892057857038e-15,1.3239702322734431e-17,5.6213895796775
hayward,0.9,0.005,16.0,1.0679149091258657,0.0015308843381376391,-0.0005442705119471647,0.0015308843381376391,-2.129562662663885,-0.0003343320967497121,0.0,5.898697549827395e-18,6.428092264772517
hayward,0.9,0.0055,10.0,1.068670733212009,0.0016845784878256609,-0.0006595518581993254,0.0016845784878256609,-2.1219080723887127,-0.00036789655395441656,1.7235296186091125e-15,6.071532165918825e-18,4.008157945464038
hayward,0.9,0.0055,12.0,1.0680805414060894,0.0016845782440846335,-0.0006641815656398542,0.0016845782440846335,-2.1265048093631913,-0.000367897389931926,4.440892098500626e-16,6.5052130349130266e-18,4.8147804341072975
hayward,0.9,0.0055,14.0,1.0678776081300603,0.0016845782315151325,-0.0006635208143288551,0.0016845782315151325,-2.128570938877066,-0.0003678977352139512,4.440892098500626e-16,6.774311733017761e-18,5.622117645143377
hayward,0.9,0.0055,16.0,1.0678057358576694,0.0016845783178638385,-0.0006534437801435367,0.0016845783178638385,-2.12960733364903,-0.00036789975094997374,9.930136612989092e-16,3.878959614448864e-18,6.4291442334502635
hayward,0.9,0.006,10.0,1.0685454652076594,0.0018384453451716354,-0.0007848198625488578,0.0018384453451716354,-2.1219539811781445,-0.00040149833921088174,8.005932084973442e-16,3.705370968959021e-18,4.008479457297175
hayward,0.9,0.006,12.0,1.0679548182930683,0.0018384450956077103,-0.0007899046786610242,0.0018384450956077103,-2.1265519231817853,-0.00040149923992505165,1.1102230246251565e-16,1.691355389077387e-17,4.815304930394189
hayward,0.9,0.006,14.0,1.067753722227101,0.0018384450010451303,-0.0007874067172881638,0.0018384450010451303,-2.1286190076742413,-0.00040149911350262357,4.440892098500626e-16,8.542522420166516e-18,5.622915672502163
hayward,0.9,0.006,16.0,1.0676895300726414,0.0018384450690227538,-0.0007696495651714486,0.0018384450690227538,-2.1296565744437843,-0.000401502889195271,8.881784197001252e-16,1.8542076143962482e-17,6.430297547493643
fan_wang,1e-05,0.0005,10.0,-0.9840160996259331,0.001066651563492945,9.86577380346354e-07,0.001066651563492945,9.718728377611673e-07,-9.87647512977116e-10,1.1107649934270853e-16,2.4922087134804236e-23,3.9730436473502344
fan_wang,1e-05,0.0005,12.0,-0.9842449388946677,0.001066651453540646,9.863165717494127e-07,0.001066651453540646,9.720988537347311e-07,-9.87647419660133e-10,1.734723475976807e-18,2.4928000482291573e-22,4.789225238701408
fan_wang,1e-05,0.0005,14.0,-0.984327362366245,0.001066651437083243,9.859402559930786e-07,0.001066651437083243,9.721802603929762e-07,-9.876474053898646e-10,1.1103585416259206e-16,6.75753791777454e-23,5.600672914440848
fan_wang,1e-05,0.0005,16.0,-0.9843618493469455,0.0010666514336901186,9.857504102983583e-07,0.0010666514336901186,9.722143220283725e-07,-9.876474017129806e-10,0.0,1.442878779199198e-22,6.409196910581627
fan_wang,1e-05,0.001,10.0,-0.9840131399071201,0.0021333424483067284,3.946296193269028e-06,0.0021333424483067284,9.718708166619651e-07,-1.9753313459161382e-09,0.0,2.445784381821738e-23,3.97308557523851
fan_wang,1e-05,0.001,12.0,-0.9842419799400212,0.0021333422284124,3.945271218275259e-06,0.0021333422284124,9.72096835662458e-07,-1.975331158861743e-09,0.0,1.3234889800848443e-22,4.789293333094982
fan_wang,1e-05,0.001,14.0,-0.9843244044480336,0.0021333421957032937,3.943858467359007e-06,0.0021333421957032937,9.721782444748207e-07,-1.975331130902327e-09,1.1102230246251565e-16,2.972118329887743e-23,5.600776326322211
fan_wang,1e-05,0.001,16.0,-0.9843588919985982,0.0021333421885300456,3.943098757619445e-06,0.0021333421885300456,9.7221230732834e-07,-1.9753311273596845e-09,1.1102230246251565e-16,7.622196960409384e-23,6.409346161066343
fan_wang,1e-05,0.0015,10.0,-0.9840082070831131,0.00320011197686431,8.879120200311341e-06,0.00320011197686431,9.71867448250147e-07,-2.963087819898534e-09,0.0,7.175791813897515e-23,3.9731554603337553
fan_wang,1e-05,0.0015,12.0,-0.9842370481200741,0.0032001116466007715,8.877091165371276e-06,0.0032001116466007715,9.720934721571608e-07,-2.9630875416369877e-09,6.938893903907228e-18,4.228960881677354e-23,4.789406835812316
fan_wang,1e-05,0.0015,14.0,-0.9843194732039813,0.0032001115977956726,8.875102519678713e-06,0.0032001115977956726,9.721748840587019e-07,-2.9630874969698897e-09,0.0,4.9947344256550566e-23,5.60094870398919
fan_wang,1e-05,0.0015,16.0,-0.9843539579707197,0.003200111587696876,8.877126636108734e-06,0.003200111587696876,9.722089476559876e-07,-2.963087498276524e-09,0.0,5.007005625951621e-23,6.4095949575776245
fan_wang,1e-05,0.002,10.0,-0.9840013010387667,0.00426699947447734,1.578516454669998e-05,0.00426699947447734,9.71862732549884e-07,-3.950953258999456e-09,1.1102230246251565e-16,2.895132143935597e-23,3.973253310557645
fan_wang,1e-05,0.002,12.0,-0.9842301423125326,0.004266999034632166,1.57828987068509e-05,0.004266999034632166,9.720887629005513e-07,-3.950952885313997e-09,6.938893903907228e-18,6.790946282648301e-23,4.789565764943993
fan_wang,1e-05,0.002,14.0,-0.9843125634662653,0.00426699896909806,1.57848402356775e-05,0.00426699896909806,9.721701773031665e-07,-3.950952827873755e-09,0.0,2.768970884274314e-23,5.601190084235137
fan_wang,1e-05,0.002,16.0,-0.9843470282995836,0.004266998955362457,1.580679777213323e-05,0.004266998955362457,9.722042364846472e-07,-3.950952820634634e-09,6.938893903907228e-18,8.215781709280763e-23,6.409943368662202
fan_wang,1e-05,0.0025,10.0,-0.9839924213986889,0.005334044269580798,2.4664804624485726e-05,0.005334044269580798,9.71856669534489e-07,-4.938963989150723e-09,0.0,2.088631046696395e-23,3.97337913699955
fan_wang,1e-05,0.0025,12.0,-0.9842212594948555,0.005334043720364216,2.4665716383931446e-05,0.005334043720364216,9.720827066634285e-07,-4.938963523675691e-09,1.1123893155135927e-16,1.928466534675573e-22,4.78977014581392
fan_wang,1e-05,0.0025,14.0,-0.9843036614874079,0.005334043637613341,2.4686819093067136e-05,0.005334043637613341,9.721641187798129e-07,-4.938963454277011e-09,1.1123893155135927e-16,6.679483446365698e-23,5.601500518563298
fan_wang,1e-05,0.0025,16.0,-0.9843380533126788,0.005334043621815783,2.4781784677019303e-05,0.005334043621815783,9.721981550409496e-07,-4.938963437993557e-09,1.1188630228279524e-16,6.439834821367528e-23,6.410391490268764
fan_wang,1e-05,0.003,10.0,-0.9839815671819571,0.006401285697561723,3.551902135634499e-05,0.006401285697561723,9.718492588871905e-07,-5.927156345370942e-09,1.3877787807814457e-17,1.0465142462515158e-22,3.9735329539155226
fan_wang,1e-05,0.003,12.0,-0.9842103931832799,0.006401285038369758,3.553202795958388e-05,0.006401285038369758,9.720753009253153e-07,-5.9271557857730005e-09,1.1102230246251565e-16,2.9697972828041023e-23,4.790020010976323
fan_wang,1e-05,0.003,14.0,-0.9842927386785357,0.006401284939570498,3.5609627965227375e-05,0.006401284939570498,9.721566974744932e-07,-5.927155705429331e-09,0.0,4.8573535936385215e-23,5.601880073179378
fan_wang,1e-05,0.003,16.0,-0.9843269296883025,0.006401284922227551,3.590540905329398e-05,0.006401284922227551,9.721906655467717e-07,-5.927155691029745e-09,1.3877787807814457e-17,6.121136532892405e-23,6.410939445731211
fan_wang,1e-05,0.0035,10.0,-0.9839687364766817,0.007468763103444298,4.834972663170234e-05,0.007468763103444298,9.718404999540274e-07,-6.9155666649418354e-09,0.0,6.700162961679524e-23,3.973714778727038
fan_wang,1e-05,0.0035,12.0,-0.9841975315643936,0.007468762333726717,4.839364684583458e-05,0.007468762333726717,9.720665408396237e-07,-6.9155660115320305e-09,1.3877787807814457e-17,1.2986735617082534e-22,4.790315400212043
fan_wang,1e-05,0.0035,14.0,-0.9842797432659344,0.007468762220572633,4.860504056658499e-05,0.007468762220572633,9.72147893118258e-07,-6.915565916012535e-09,1.1188630228279524e-16,6.156802597486097e-23,5.602328828982005
fan_wang,1e-05,0.0035,16.0,-0.9843134711618486,0.007468762197675574,4.936393550714069e-05,0.007468762197675574,9.721816992979491e-07,-6.915565897445454e-09,2.2247786310271853e-16,4.3519449165735204e-23,6.411587385747159
fan_wang,1e-05,0.004,10.0,-0.9839539260353822,0.008536515828772864,6.316016793117551e-05,0.008536515828772864,9.718303914464543e-07,-7.904231291141007e-09,1.3877787807814457e-17,4.433718948125026e-23,3.9739246320194335
fan_wang,1e-05,0.004,12.0,-0.9841826551303544,0.008536514949808338,6.327008088502506e-05,0.008536514949808338,9.720564183173829e-07,-7.904230544349234e-09,0.0,1.0526015490836915e-22,4.790656360523838
fan_wang,1e-05,0.004,14.0,-0.9842645902466318,0.008536514816787216,6.375805986913452e-05,0.008536514816787216,9.721376721990085e-07,-7.904230439905413e-09,1.3877787807814457e-17,5.25308535948662e-23,5.60284688155102
fan_wang,1e-05,0.004,16.0,-0.9842973722482841,0.008536514793708663,6.546284907171795e-05,0.008536514793708663,9.72171143355722e-07,-7.9042304168379e-09,1.1102230246251565e-16,1.573035693231345e-22,6.412335488351654
fan_wang,1e-05,0.0045,10.0,-0.9839371307294078,0.009604583234417041,7.995547390560187e-05,0.009604583234417041,9.718189312658113e-07,-8.89318657863846e-09,1.1443916996305594e-16,2.250174541407545e-23,3.9741625375400846
fan_wang,1e-05,0.0045,12.0,-0.984165733966519,0.009604582246890675,8.019124472047334e-05,0.009604582246890675,9.720449208881452e-07,-8.893185735974032e-09,1.3877787807814457e-17,6.203854594147708e-23,4.791042946130989
fan_wang,1e-05,0.0045,14.0,-0.9842471495261204,0.009604582099630124,8.119878038059802e-05,0.009604582099630124,9.721259835675742e-07,-8.893185618818536e-09,1.1102230246251565e-16,6.821106074038502e-24,5.603434341133715
fan_wang,1e-05,0.0045,16.0,-0.9842781652990413,0.00960458206870761,8.466979831445176e-05,0.00960458206870761,9.721588248755393e-07,-8.89318560534698e-09,1.3877787807814457e-17,9.35848032643661e-24,6.413183958886127
fan_wang,1e-05,0.005,10.0,-0.9839183430509337,0.010673004693732224,9.874315237967668e-05,0.010673004693732224,9.718061162483743e-07,-9.882468894770135e-09,1.3877787807814457e-17,1.1250872707037725e-23,3.9744285221962614
fan_wang,1e-05,0.005,12.0,-0.9841467244743601,0.010673003596201991,9.920073687930131e-05,0.010673003596201991,9.720320303154392e-07,-9.882467961638552e-09,2.237726045655905e-16,8.785655027261664e-23,4.791475218462979
fan_wang,1e-05,0.005,14.0,-0.9842272320767238,0.010673003433793515,0.00010111622977715395,0.010673003433793515,9.721127526856002e-07,-9.88246782049687e-09,1.3877787807814457e-17,5.910146143984333e-23,5.604091332628906
fan_wang,1e-05,0.005,16.0,-0.9842551720061138,0.010673003402136852,0.00010766309124199402,0.010673003402136852,9.721444936245573e-07,-9.882467777956956e-09,1.3877787807814457e-17,3.2931762916172726e-23,6.414133029962679
fan_wang,1e-05,0.0055,10.0,-0.9838975523293082,0.011741819576785634,0.00011953387400520654,0.011741819576785634,9.717919417790673e-07,-1.0872114604835665e-08,1.1188630228279524e-16,3.486936678228414e-23,3.9747226160527536
fan_wang,1e-05,0.0055,12.0,-0.9841255657432505,0.011741818371815774,0.0001203594679889397,0.011741818371815774,9.720177209724365e-07,-1.087211358003218e-08,1.3877787807814457e-17,4.888070537662421e-23,4.791953246152378
fan_wang,1e-05,0.0055,14.0,-0.9842045746329561,0.011741818198172924,0.00012377367354488022,0.011741818198172924,9.72097875614245e-07,-1.0872113430863935e-08,1.1857187100668868e-16,6.897416658063644e-23,5.604817995568968
fan_wang,1e-05,0.0055,16.0,-0.9842274473831865,0.01174181817251077,0.0001353877141693216,0.01174181817251077,9.72127799640143e-07,-1.0872113425415024e-08,2.7755575615628914e-17,5.778435339279983e-23,6.4151829614235325
fan_wang,1e-05,0.006,10.0,-0.9838747441227218,0.012811067280160932,0.00014234208059160647,0.012811067280160932,9.71776401563756e-07,-1.1862160098940756e-08,2.220446049250313e-16,1.0918784085699965e-22,3.975044852329177
fan_wang,1e-05,0.006,12.0,-0.9841021756808673,0.01281106596774953,0.00014374953037210592,0.01281106596774953,9.720019582354602e-07,-1.1862158987523838e-08,1.1443916996305594e-16,1.1745964698252993e-22,4.792477105026872
fan_wang,1e-05,0.006,14.0,-0.9841788222384495,0.012811065780711173,0.00014952606805140878,0.012811065780711173,9.720812122070454e-07,-1.1862158821771852e-08,1.1443916996305594e-16,1.4134868503414235e-23,5.605614484099692
fan_wang,1e-05,0.006,16.0,-0.9841937178958223,0.0128110657607447,0.000169117201533453,0.0128110657607447,9.721082724278202e-07,-1.1862158805363924e-08,1.1443916996305594e-16,3.308722450212111e-24,6.416334040295869
fan_wang,0.1,0.002,10.0,-1.2179598061655188,0.0033834706918073956,1.1282568891157752e-05,0.0033834706918073956,0.011717360296459948,-3.110145015288639e-05,0.0,6.190182612162733e-19,4.05928889887103
fan_wang,0.1,0.002,12.0,-1.2182161186404308,0.003383470431907863,1.1307513522185175e-05,0.003383470431907863,0.011719833951595945,-3.110144789305019e-05,0.0,1.8998478846830208e-19,4.871879225315301
fan_wang,0.1,0.002,14.0,-1.2183089606100193,0.0033834703916141226,1.1326044136561464e-05,0.0033834703916141226,0.011720730425287127,-3.110144762463068e-05,0.0,1.8295911660692887e-19,5.6811792410605735
fan_wang,0.1,0.002,16.0,-1.2183479469205387,0.0033834703810870503,1.1358445566989062e-05,0.0033834703810870503,0.011721107169467592,-3.11014474929051e-05,1.1102230246251565e-16,2.8529357285502464e-18,6.488273175272632
fan_wang,0.1,0.004,10.0,-1.2179259378135705,0.006768959225676038,4.5150920839454045e-05,0.006768959225676038,0.011717126775288796,-6.222141759139451e-05,1.1443916996305594e-16,7.06325939547945e-19,4.059988270833513
fan_wang,0.1,0.004,12.0,-1.2181820575447402,0.006768958705792125,4.536860921278141e-05,0.006768958705792125,0.011719599497059733,-6.222141310116927e-05,2.2247786310271853e-16,4.667758719501622e-19,4.873011159820576
fan_wang,0.1,0.004,14.0,-1.2182743678574979,0.006768958627449542,4.5918796657939964e-05,0.006768958627449542,0.011720493847373706,-6.222141244304987e-05,0.0,5.624298769768554e-19,5.682892105629163
fan_wang,0.1,0.004,16.0,-1.2183116527158904,0.006768958611749767,4.765265021533516e-05,0.006768958611749767,0.011720864418094244,-6.22214121843742e-05,4.443059973708341e-16,2.3639352658678635e-19,6.490737694747892
fan_wang,0.1,0.006,10.0,-1.2178692646907974,0.010158484545320423,0.00010182404361258612,0.010158484545320423,0.011716736642985127,-9.33784296524476e-05,0.0,4.472333961502706e-19,4.061155334321206
fan_wang,0.1,0.006,12.0,-1.2181239627934306,0.01015848377231296,0.00010346336052236005,0.01015848377231296,0.011719203205330842,-9.337842292855337e-05,3.3306690738754696e-16,2.287126988420009e-18,4.874900980521632
fan_wang,0.1,0.006,14.0,-1.218210946876337,0.010158483657193046,0.00010933977781890647,0.010158483657193046,0.01172007682436139,-9.33784219323715e-05,0.0,1.0842021724855044e-18,5.685753468536525
fan_wang,0.1,0.006,16.0,-1.2182304332638607,0.010158483652695227,0.00012887210224499235,0.010158483652695227,0.011720383161221244,-9.337842199195513e-05,2.220446049250313e-16,1.2785428548203785e-19,6.4948574332493285
fan_wang,0.2,0.002,10.0,-1.4746193836976795,0.0026234360450432953,6.589228364939359e-06,0.0026234360450432953,0.027792116480153405,-4.7893845001449045e-05,0.0,9.486769009248164e-19,4.125114444728649
fan_wang,0.2,0.002,12.0,-1.4749127959291939,0.0026234358715476747,6.641813056873502e-06,0.0026234358715476747,0.027797702929752956,-4.789384193158242e-05,1.1188630228279524e-16,2.1412992906588713e-18,4.931408791709247
fan_wang,0.2,0.002,14.0,-1.475019836688909,0.0026234358460606733,6.677143423727827e-06,0.0026234358460606733,0.027799743944135025,-4.7893841490694424e-05,1.3877787807814457e-17,1.5958100726271018e-18,5.736525044127114
fan_wang,0.2,0.002,16.0,-1.4750650202608016,0.0026234358388744355,6.720007514005033e-06,0.0026234358388744355,0.027800606826213842,-4.789384152831841e-05,0.0,5.319366908757006e-19,6.54060474869679
fan_wang,0.2,0.004,10.0,-1.4745995945104713,0.005248460314268649,2.6378415573180547e-05,0.005248460314268649,0.027791858709387357,-9.581665635044305e-05,2.2247786310271853e-16,2.557085709640757e-19,4.125818692240522
fan_wang,0.2,0.004,12.0,-1.4748927323277394,0.005248459967326646,2.6705414511329906e-05,0.005248459967326646,0.027797441608268567,-9.581665008963477e-05,0.0,2.6647177266899922e-18,4.932550757056852
fan_wang,0.2,0.004,14.0,-1.4749991952755888,0.005248459914242554,2.7318556743871625e-05,0.005248459914242554,0.02779947739678188,-9.581664911926689e-05,3.3306690738754696e-16,3.868552200100002e-18,5.73825380817726
fan_wang,0.2,0.004,16.0,-1.4750426586810832,0.005248459900497271,2.9081587232360206e-05,0.005248459900497271,0.027800327382921822,-9.581664890278467e-05,1.1102230246251565e-16,4.338925755574552e-19,6.543091833357784
fan_wang,0.2,0.006,10.0,-1.4745663856184896,0.007876661928687134,5.958730755484254e-05,0.007876661928687134,0.02779142716346317,-0.00014379741665041315,2.7755575615628914e-17,1.7618285302889447e-18,4.1269939262299005
fan_wang,0.2,0.006,12.0,-1.4748579762573988,0.007876661412076214,6.146148485197678e-05,0.007876661412076214,0.02779699502133292,-0.00014379740735646776,2.7755575615628914e-17,4.87890977618477e-19,4.934457381728595
fan_wang,0.2,0.006,14.0,-1.4749590755611202,0.007876661342838764,6.743827121247215e-05,0.007876661342838764,0.027798987993849195,-0.00014379740599416036,2.220446049250313e-16,1.5332934166833741e-18,5.741141822075832
fan_wang,0.2,0.006,16.0,-1.4749848310729392,0.007876661348362235,8.690919537635011e-05,0.007876661348362235,0.027799709362068645,-0.00014379740612294667,1.1102230246251565e-16,3.496446946337351e-18,6.547249431286594
hayward,0.97,0.0005,10.0,1.428644086995395,4.889793301643408e-05,-6.617723680379939e-06,4.889793301643408e-05,-2.6631860125006526,-1.1591768309671124e-05,2.2315206618374916e-15,1.4094628242311558e-17,4.01146532137531
hayward,0.97,0.0005,12.0,1.4277956007566173,4.889793392237607e-05,-6.6730599928011e-06,4.889793392237607e-05,-2.6687165342580164,-1.1591806043931285e-05,4.440892098500626e-15,2.4584284261108813e-17,4.815457008554909
hayward,0.97,0.0005,14.0,1.4274971509447172,4.8897916197887525e-05,-6.70142820502484e-06,4.8897916197887525e-05,-2.6712065654505426,-1.1592048907882457e-05,1.021405182655144e-14,6.661970767501979e-17,5.620544618123175
hayward,0.97,0.0005,16.0,1.4273756319702566,4.889788267981032e-05,-6.717200584649419e-06,4.889788267981032e-05,-2.6724559229141462,-1.1591140937294853e-05,3.9968028886505635e-15,8.186185918765387e-17,6.425225471202057
hayward,0.97,0.001,10.0,1.428624233928947,9.780711394569153e-05,-2.6470790128296784e-05,9.780711394569153e-05,-2.6631937113506243,-2.3186334846769796e-05,4.905125646631375e-15,4.0115480381963664e-18,4.011507135143233
hayward,0.97,0.001,12.0,1.4277755804330547,9.780711366147443e-05,-2.6693383555320693e-05,9.780711366147443e-05,-2.668724422991238,-2.3185926008473245e-05,1.3322676295501878e-15,2.7809732887839817e-17,4.815525193085405
hayward,0.97,0.001,14.0,1.427477045907415,9.7807083601964e-05,-2.680646550712318e-05,9.7807083601964e-05,-2.6712145884062335,-2.318601532369513e-05,3.800791407964896e-15,7.41594285980085e-17,5.620648254855673
hayward,0.97,0.001,16.0,1.4273554803674218,9.780712518292489e-05,-2.686880341951081e-05,9.780712518292489e-05,-2.672464064462365,-2.3184966349454328e-05,2.4424906541753444e-15,2.6403161264423578e-17,6.425375050103855
hayward,0.97,0.0015,10.0,1.4285911454989546,0.00014673875842419193,-5.955922012068626e-05,0.00014673875842419193,-2.663206539838993,-3.4786136524189715e-05,1.790180836524724e-15,7.208110037058612e-18,4.011576830090169
hayward,0.97,0.0015,12.0,1.4277422134373845,0.0001467387314804114,-6.006037922556828e-05,0.0001467387314804114,-2.668737588964341,-3.4786474508052834e-05,5.551115123125783e-15,4.04812693056225e-17,4.8156388461129005
hayward,0.97,0.0015,14.0,1.4274435397183542,0.00014673883034532764,-6.03126545679622e-05,0.00014673883034532764,-2.671227942139615,-3.478529035483291e-05,4.773959005888173e-15,2.190088388420719e-17,5.620821007398296
hayward,0.97,0.0015,16.0,1.4273218987748737,0.00014673875580228923,-6.045039596758173e-05,0.00014673875580228923,-2.6724776148079687,-3.4787396801405635e-05,1.5543122344752192e-15,8.047322186915396e-17,6.4256243941556725
hayward,0.97,0.002,10.0,1.4285448222055157,0.00019570410579206055,-0.00010588251355958533,0.00019570410579206055,-2.663224500079913,-4.639390764360485e-05,1.7763568394002505e-15,5.074066167232161e-17,4.011674414216213
hayward,0.97,0.002,12.0,1.4276955015904749,0.00019570405947888503,-0.00010677222613519888,0.00019570405947888503,-2.668755998889038,-4.639363518599282e-05,8.263520563790825e-15,7.05981306231723e-17,4.815797985850914
hayward,0.97,0.002,14.0,1.4273966350659366,0.0001957040640974128,-0.0001072173069855964,0.0001957040640974128,-2.6712466824546857,-4.639686376961549e-05,6.89411847443645e-15,7.410741937918042e-18,5.621062912730005
hayward,0.97,0.002,16.0,1.4272749063049943,0.0001957041580098462,-0.00010744286584696283,0.0001957041580098462,-2.6724965549448174,-4.640227111529782e-05,8.881784197001252e-16,4.90059381963448e-17,6.425973572172316
hayward,0.97,0.0025,10.0,1.428485264873796,0.00024471439227369274,-0.00016543984527928046,0.00024471439227369274,-2.663247589207175,-5.8011821622017123e-05,7.93246387593538e-15,5.377642775528102e-17,4.011799898720497
hayward,0.97,0.0025,12.0,1.4276354481958622,0.0002447143664454643,-0.0001668256207478791,0.0002447143664454643,-2.66877968056474,-5.8011573084826296e-05,7.381104677948019e-15,2.0304417714388973e-17,4.816002637795387
hayward,0.97,0.0025,14.0,1.4273363483716395,0.0002447142831769611,-0.00016750400128273668,0.0002447142831769611,-2.6712707146716688,-5.80115406858539e-05,3.447059237218225e-15,4.885025661874571e-17,5.621374022613786
hayward,0.97,0.0025,16.0,1.4272145498575526,0.0002447139590699976,-0.0001677993132886968,0.0002447139590699976,-2.6725208452074107,-5.8015804880184874e-05,7.971988878370802e-15,3.979479852226652e-17,6.426422680477601
hayward,0.97,0.003,10.0,1.4284124752191332,0.0002937808894287741,-0.00023822949994212195,0.0002937808894287741,-2.6632758146363438,-6.964358344774269e-05,1.790180836524724e-15,6.938893903907228e-18,4.0119532980001855
hayward,0.97,0.003,12.0,1.4275620607050836,0.0002937808893221927,-0.00024021311152644387,0.0002937808893221927,-2.6688086231739097,-6.964252353114375e-05,7.755684626330685e-15,2.945200827377961e-17,4.816252834721705
hayward,0.97,0.003,14.0,1.427262710102747,0.0002937809479419684,-0.000241142270175132,0.0002937809479419684,-2.6713001322540917,-6.964177193680143e-05,4.965068306494546e-15,3.029564307160424e-17,5.621754403589211
hayward,0.97,0.003,16.0,1.427140944214809,0.0002937809507415068,-0.00024140495603219847,0.0002937809507415068,-2.6725506320718724,-6.965147342086198e-05,6.720289191984444e-15,5.377642775528102e-17,6.426971842887562
hayward,0.97,0.0035,10.0,1.428326455943024,0.0003429148475504462,-0.00032424877605130575,0.0003429148475504462,-2.663309171190959,-8.12915020738103e-05,1.9984014443252818e-15,6.071532165918825e-17,4.012134629649174
hayward,0.97,0.0035,12.0,1.4274753509679652,0.0003429148350875266,-0.00032692284864488386,0.0003429148350875266,-2.6688428364019847,-8.129177454208047e-05,2.4424906541753444e-15,3.8983061664562125e-17,4.816548616680892
hayward,0.97,0.0035,14.0,1.4271757693456486,0.000342914674831718,-0.00032808302727360683,0.000342914674831718,-2.6713348867563758,-8.128827288444995e-05,1.0473823066688541e-14,1.5515838457795457e-17,5.622204136962741
hayward,0.97,0.0035,16.0,1.427054261677597,0.0003429144714175436,-0.0003280874932443112,0.0003429144714175436,-2.672585776806347,-8.13128964267662e-05,2.5121479338940403e-15,7.577386519575497e-17,6.4276212106886845
hayward,0.97,0.004,10.0,1.4282272107685756,0.0003921275689435788,-0.000423493950499676,0.0003921275689435788,-2.6633476604024846,-9.295748442994523e-05,4.440892098500626e-15,9.739201700399851e-17,4.012343914456524
hayward,0.97,0.004,12.0,1.4273753396927908,0.0003921274420690679,-0.0004269341238192226,0.0003921274420690679,-2.6688823113659224,-9.295807135956125e-05,1.831026719408895e-15,2.949029909160572e-17,4.816890030994907
hayward,0.97,0.004,14.0,1.427075616046647,0.00039212753459594296,-0.00042823632627531083,0.00039212753459594296,-2.6713750201285587,-9.295865309155715e-05,9.325873406851315e-15,4.163336342344337e-17,5.622723318795936
hayward,0.97,0.004,16.0,1.4269548213219636,0.0003921272177223045,-0.0004275278488776735,0.0003921272177223045,-2.6726263227990206,-9.295031029310508e-05,9.057678187205881e-15,2.6020852139652106e-17,6.4283709626114955
hayward,0.97,0.0045,10.0,1.4281147458105785,0.0004414301341313376,-0.0005359589084967809,0.0004414301341313376,-2.663391281466251,-0.00010464427992218361,4.189529226675416e-15,3.469446951953614e-17,4.012581176404591
hayward,0.97,0.0045,12.0,1.427262057987999,0.0004414300198902765,-0.0005402158286109682,0.0004414300198902765,-2.6689270587970464,-0.00010464450840430572,2.220446049250313e-15,2.8609792490763984e-17,4.817277132251133
hayward,0.97,0.0045,14.0,1.4269623778708933,0.0004414299233701513,-0.0005414745020289047,0.0004414299233701513,-2.67142053687573,-0.00010463929045556597,4.440892098500626e-16,1.3877787807814457e-17,5.623312059891561
hayward,0.97,0.0045,16.0,1.426843083692571,0.00044142995109552885,-0.0005392654782703232,0.00044142995109552885,-2.672672501424886,-0.00010463501819657495,2.220446049250313e-15,1.457167719820518e-16,6.429221304799235
hayward,0.97,0.005,10.0,1.4279890699706996,0.0004908340463742888,-0.0006616347483756613,0.0004908340463742888,-2.663440039019739,-0.00011635642905716281,5.329070518200751e-15,1.734723475976807e-17,4.012846442666897
hayward,0.97,0.005,12.0,1.4271355502323075,0.0004908339168423481,-0.000666723584302531,0.0004908339168423481,-2.668977080170251,-0.00011635466880832723,8.43769498715119e-15,6.397344083151129e-17,4.817709982296
hayward,0.97,0.005,14.0,1.4268362455968848,0.0004908338172953108,-0.0006676067760373883,0.0004908338172953108,-2.67147145658401,-0.00011635820830946386,4.3737714791252564e-15,2.964296775167217e-17,5.623970485777488
hayward,0.97,0.005,16.0,1.4267197288261464,0.0004908333083477601,-0.0006626203446948864,0.0004908333083477601,-2.6727242114864254,-0.00011634609448663014,2.220446049250313e-15,1.5515838457795457e-17,6.430172470771859
hayward,0.97,0.0055,10.0,1.427850195034921,0.0005403504718799468,-0.0008005096841543491,0.0005403504718799468,-2.663493931995811,-0.00012809394687707254,2.220446049250313e-15,6.938893903907228e-18,4.013139743605647
hayward,0.97,0.0055,12.0,1.4269958786384933,0.0005403503554504141,-0.0008063951781167589,0.0005403503554504141,-2.6690323866155996,-0.0001280940659214025,3.972054645195637e-15,3.4170089680666066e-17,4.818188650227781
hayward,0.97,0.0055,14.0,1.426697484828324,0.0005403504886203336,-0.0008063675445981744,0.0005403504886203336,-2.671527791659525,-0.00012809806345259744,6.89411847443645e-15,1.962615573354719e-17,5.624698736688531
hayward,0.97,0.0055,16.0,1.4265857055675184,0.000540350379722554,-0.0007966436033228774,0.000540350379722554,-2.6727816647671663,-0.00012810648625460885,6.89411847443645e-15,1.2456232622454378e-16,6.431224721385176
hayward,0.97,0.006,10.0,1.4276981367702817,0.0005899907607869181,-0.0009525679487936145,0.0005899907607869181,-2.6635529632916963,-0.00013986095279605593,1.0805156823142815e-14,1.153297605929378e-16,4.0134611127690585
hayward,0.97,0.006,12.0,1.4268431261911587,0.0005899906148130185,-0.0009591476254513509,0.0005899906148130185,-2.669092991127812,-0.0001398603198907722,9.930136612989092e-15,2.797157557069881e-17,4.818713212388532
hayward,0.97,0.006,14.0,1.4265464485262385,0.000589990833574916,-0.0009574038466837465,0.000589990833574916,-2.6715895881166034,-0.0001398611114282744,1.9860273225978185e-15,2.8609792490763984e-17,5.625496967546153
hayward,0.97,0.006,16.0,1.4264422825248033,0.0005899907509956392,-0.0009400666460379625,0.0005899907509956392,-2.672844794379264,-0.00013986957420542012,4.440892098500626e-15,6.938893903907228e-18,6.432378344785344
fan_wang,0.3,0.002,10.0,-1.752977403255413,0.001978576365635837,1.478328063964085e-06,0.001978576365635837,0.04874932848601777,-5.3821357869842604e-05,2.220446049250313e-16,4.0449753095958974e-18,4.185965609619304
fan_wang,0.3,0.002,12.0,-1.75332451592946,0.0019785762248896305,1.560574123926628e-06,0.0019785762248896305,0.04875914540406968,-5.382135411509349e-05,0.0,1.8666238619449462e-18,4.986050018579606
fan_wang,0.3,0.002,14.0,-1.7534521326641728,0.001978576202828236,1.6138848086821866e-06,0.001978576202828236,0.048762763076575434,-5.382135365977758e-05,2.220446049250313e-16,1.399261511686923e-18,5.787019674529048
fan_wang,0.3,0.002,16.0,-1.7535063048425963,0.001978576199622495,1.6681930183892746e-06,0.001978576199622495,0.04876430222148522,-5.382135333548924e-05,2.2215299868541707e-16,6.695826254042985e-18,6.5881033386457775
fan_wang,0.3,0.004,10.0,-1.7529729463514425,0.00395837509667607,5.935232034515181e-06,0.00395837509667607,0.048749313700083646,-0.00010767595494218848,2.2247786310271853e-16,1.667566737394331e-18,4.186670433774393
fan_wang,0.3,0.004,12.0,-1.7533196968098523,0.003958374814704263,6.379693731517477e-06,0.003958374814704263,0.0487591228023629,-0.00010767594739695234,2.237726045655905e-16,1.7618285302889447e-18,4.987196545854788
fan_wang,0.3,0.004,14.0,-1.7534466862413425,0.003958374769217982,7.060307638973029e-06,0.003958374769217982,0.0487627311822805,-0.00010767594601730074,1.3877787807814457e-17,3.767602549387128e-18,5.7887575595545515
fan_wang,0.3,0.004,16.0,-1.753499117641844,0.003958374759002903,8.855393770712539e-06,0.003958374759002903,0.04876425015517003,-0.00010767594609238044,2.220446049250313e-16,4.82957002808648e-18,6.5906047565002766
fan_wang,0.3,0.006,10.0,-1.7529652913605975,0.0059406192797251955,1.3590222879500402e-05,0.0059406192797251955,0.048749286109237545,-0.0001615970500223364,4.47545209131181e-16,2.4936649967166602e-18,4.187846665347921
fan_wang,0.3,0.006,12.0,-1.7533103592560968,0.005940618858842728,1.571724748705705e-05,0.005940618858842728,0.04875906863583803,-0.00016159703856094554,2.7755575615628914e-17,8.131516293641283e-19,4.989110844114116
fan_wang,0.3,0.006,14.0,-1.7534319430285814,0.005940618798387559,2.1803520400043297e-05,0.005940618798387559,0.04876261080492915,-0.0001615970366447509,2.220446049250313e-16,1.0678153025208146e-18,5.7916608998423165
fan_wang,0.3,0.006,16.0,-1.753466756796216,0.005940618796065694,4.121623939856711e-05,0.005940618796065694,0.048763936692429025,-0.0001615970370555898,0.0,1.0299920638612292e-18,6.594786449776852
fan_wang,0.4,0.002,10.0,-2.0525304893180123,0.001440529687455297,-4.2513468456739645e-06,0.001440529687455297,0.0751094328129981,-5.1918823576582555e-05,5.551548787055441e-16,9.299562036674896e-18,4.244147859563163
fan_wang,0.4,0.002,12.0,-2.052957141331554,0.0014405295503907567,-4.135564311003037e-06,0.0014405295503907567,0.07512535350638729,-5.191881862937108e-05,1.1102230246251565e-16,1.9651164376299768e-18,5.038174190535275
fan_wang,0.4,0.002,14.0,-2.0531151686251548,0.00144052952822539,-4.061987203485273e-06,0.00144052952822539,0.07513126669593809,-5.1918818133408e-05,1.3877787807814457e-17,2.927345865710862e-18,5.835076156953885
fan_wang,0.4,0.002,16.0,-2.053182610045369,0.0014405295239957872,-3.995011241819668e-06,0.0014405295239957872,0.0751337968330766,-5.19188179406555e-05,2.220446049250313e-16,3.0222135558033436e-18,6.633210443208257
fan_wang,0.4,0.004,10.0,-2.0525432212626153,0.002881974172375762,-1.6983291448724458e-05,0.002881974172375762,0.07511000310461514,-0.00010387062563982103,2.2247786310271853e-16,4.25057033492431e-18,4.244851132121829
fan_wang,0.4,0.004,12.0,-2.0529694116540345,0.0028819738987431176,-1.640588679130417e-05,0.0028819738987431176,0.07512590991910685,-0.00010387061594154239,6.662783593823664e-16,7.860465750519907e-18,5.039322593987162
fan_wang,0.4,0.004,14.0,-2.053126755489961,0.0028819738584796584,-1.5648852009775283e-05,0.0028819738584796584,0.07513180869520009,-0.0001038706143296703,1.2412670766236366e-16,3.9275214345265474e-18,5.836819856941237
fan_wang,0.4,0.004,16.0,-2.0531924317853103,0.002881973843008895,-1.381675118317105e-05,0.002881973843008895,0.07513431079698583,-0.00010387061440747698,4.443059973708341e-16,1.7889335846010823e-18,6.635722201051177
fan_wang,0.4,0.006,10.0,-2.052564215753655,0.004325248811586413,-3.797778248859629e-05,0.004325248811586413,0.07511094964204407,-0.00015588840496673882,2.220446049250313e-16,5.9631119486702744e-18,4.246024810092906
fan_wang,0.4,0.006,12.0,-2.052988569249465,0.004325248406156668,-3.556348222177874e-05,0.004325248406156668,0.07512681545410753,-0.00015588839020543033,5.551115123125783e-17,4.336808689942018e-19,5.0412400818262695
fan_wang,0.4,0.006,14.0,-2.0531404555753396,0.004325248338565235,-2.934893738837374e-05,0.004325248338565235,0.07513262319728253,-0.000155888388427795,1.2412670766236366e-16,4.635519035990621e-18,5.839733000282389
fan_wang,0.4,0.006,16.0,-2.0531886005951714,0.004325248340394272,-9.985561044256741e-06,0.004325248340394272,0.07513486761615185,-0.00015588838866304432,5.551115123125783e-17,1.8431436932253575e-18,6.63992131292615
fan_wang,0.5,0.002,10.0,-2.3731979104535035,0.001000989733766125,-1.0776026403203076e-05,0.001000989733766125,0.10740381800426571,-4.4832019265752046e-05,1.1188630228279524e-16,7.535205098774256e-18,4.300613774713373
fan_wang,0.5,0.002,12.0,-2.373741530740146,0.001000989591428872,-1.0620950424033992e-05,0.001000989591428872,0.10742883355026943,-4.483201311270956e-05,2.2247786310271853e-16,5.339695699491109e-18,5.0887364743034205
fan_wang,0.5,0.002,14.0,-2.3739441531397936,0.0010009895701314497,-1.0523887279401123e-05,0.0010009895701314497,0.10743818274365671,-4.483201259028544e-05,1.3877787807814457e-17,1.5720931501039814e-17,5.881654475461817
fan_wang,0.5,0.002,16.0,-2.3740310229811925,0.0010009895623567383,-1.0442182547087953e-05,0.0010009895623567383,0.10744220113317901,-4.483201163353254e-05,6.661338147750939e-16,2.6018381509598485e-18,6.676890672592774
fan_wang,0.5,0.004,10.0,-2.3732302167798234,0.0020026397397568396,-4.308235272310057e-05,0.0020026397397568396,0.10740540561661743,-8.969363410046491e-05,4.449557262054371e-16,3.848917712323541e-18,4.301314223815547
fan_wang,0.5,0.004,12.0,-2.3737732586348432,0.0020026394583514684,-4.2348845121331635e-05,0.0020026394583514684,0.10743039910245526,-8.96936214885985e-05,2.237726045655905e-16,1.0733601507606494e-17,5.089885173801832
fan_wang,0.5,0.004,14.0,-2.37397513159235,0.002002639413790308,-4.150233983590823e-05,0.002002639413790308,0.10743972752134752,-8.96936198010994e-05,4.449557262054371e-16,2.1051398297025364e-18,5.883402066688712
fan_wang,0.5,0.004,16.0,-2.374060206120597,0.002002639405041806,-3.962532195167512e-05,0.002002639405041806,0.1074437092989195,-8.969361909590828e-05,4.440892098500626e-16,1.1254963792944282e-17,6.679410464759013
fan_wang,0.5,0.006,10.0,-2.373283837849548,0.0030056107188460857,-9.670342244794128e-05,0.0030056107188460857,0.10740804674453669,-0.00013461445951991335,6.684427777288335e-16,4.5290591099972316e-18,4.30248322582307
fan_wang,0.5,0.006,12.0,-2.3738248599971197,0.003005610296223815,-9.395020739777493e-05,0.003005610296223815,0.10743298137185284,-0.00013461444045699197,2.220446049250313e-16,3.471140604459642e-18,5.09180321294155
fan_wang,0.5,0.006,14.0,-2.3740212084763628,0.0030056102314363065,-8.757922384861061e-05,0.0030056102314363065,0.10744219221011483,-0.00013461443931212132,8.95090418262362e-16,3.0377015412898873e-18,5.886321798949241
fan_wang,0.5,0.006,16.0,-2.3740888312690984,0.003005610244408652,-6.825047045300181e-05,0.003005610244408652,0.10744585146587807,-0.00013461444061724226,4.47545209131181e-16,3.2526065174565133e-19,6.683623139919049
fan_wang,0.6,0.002,10.0,-2.7152535131675473,0.000651716934237212,-1.8248637962514636e-05,0.000651716934237212,0.14618678536969154,-3.4838197203487624e-05,7.776515945702112e-16,4.553729793529082e-18,4.355882555536263
fan_wang,0.6,0.002,12.0,-2.7159656617958605,0.000651716794055679,-1.804653577464066e-05,0.000651716794055679,0.14622546149395638,-3.4838189923240906e-05,6.661338147750939e-16,7.860465750519907e-19,5.138245568522732
fan_wang,0.6,0.002,14.0,-2.71623238109408,0.0006517167697941417,-1.7921807696552605e-05,0.0006517167697941417,0.14623997961742627,-3.483818850533865e-05,4.449557262054371e-16,5.222209201006512e-18,5.927259790911061
fan_wang,0.6,0.002,16.0,-2.716347139681385,0.0006517167598702189,-1.7822905308939596e-05,0.0006517167598702189,0.14624623960413743,-3.48381877189061e-05,4.449557262054371e-16,8.359613576977406e-18,6.719648059603091
fan_wang,0.6,0.004,10.0,-2.7153082379419335,0.0013038876405190858,-7.297341234879795e-05,0.0013038876405190858,0.14618992663261113,-6.970068328507155e-05,2.2887833992611187e-16,1.654962790341804e-18,4.356579367235666
fan_wang,0.6,0.004,12.0,-2.7160196685176956,0.001303887354729416,-7.20532576097277e-05,0.001303887354729416,0.14622856989071012,-6.970066857261807e-05,5.578801654593729e-16,7.047314121155779e-18,5.139393577785513
fan_wang,0.6,0.004,14.0,-2.7162855596428392,0.001303887303559681,-7.110035645574442e-05,0.001303887303559681,0.1462430593738302,-6.970066589714191e-05,1.1102230246251565e-16,2.611104600503256e-18,5.929010092035905
fan_wang,0.6,0.004,16.0,-2.7163984848520517,0.0013038873066419931,-6.916807597567853e-05,0.0013038873066419931,0.14624927332315668,-6.97006664714013e-05,8.881784197001252e-16,2.168404344971009e-17,6.722174485260742
fan_wang,0.6,0.006,10.0,-2.7153992270664804,0.0019569661998946053,-0.00016396253689565654,0.0019569661998946053,0.14619515634020497,-0.00010461176322419316,4.742874840267547e-16,2.168404344971009e-18,4.3577423349028885
fan_wang,0.6,0.006,12.0,-2.7161084172674634,0.0019569657717333766,-0.00016080200737755845,0.0019569657717333766,0.14623371862009646,-0.00010461174138208518,4.47545209131181e-16,1.1709383462843448e-17,5.141310521292693
fan_wang,0.6,0.006,14.0,-2.7163686965014002,0.0019569657010474195,-0.00015423721501672816,0.0019569657010474195,0.146248061837311,-0.00010461173776713309,8.899114524108741e-16,2.168404344971009e-18,5.9319344392297815
fan_wang,0.6,0.006,16.0,-2.716464240172861,0.0019569657154924203,-0.00013492339678489174,0.0019569657154924203,0.1462538879590109,-0.00010461174050778455,6.684427777288335e-16,3.1273172206927508e-18,6.726398381129112
fan_wang,0.7,0.002,10.0,-3.0792362498683445,0.00038456706785361394,-2.680014015199461e-05,0.00038456706785361394,0.19204258769670718,-2.3867881959007894e-05,8.881784197001252e-16,1.2877040493175011e-17,4.410282575356945
fan_wang,0.7,0.002,12.0,-3.0801854242441746,0.0003845669413058972,-2.6541687121461877e-05,0.0003845669413058972,0.19210162870725153,-2.386787449516238e-05,4.440892098500626e-16,5.0151851423355504e-17,5.187015443909552
fan_wang,0.7,0.002,14.0,-3.0805421292688595,0.00038456692159141714,-2.6383558466402945e-05,0.00038456692159141714,0.1921238526086265,-2.386787311253226e-05,4.440892098500626e-16,1.4445951408663977e-17,5.9721996990605755
fan_wang,0.7,0.002,16.0,-3.080696006375065,0.0003845669204452229,-2.6263709818952208e-05,0.0003845669204452229,0.19213345491808156,-2.3867874627648417e-05,4.440892098500626e-16,3.040718396337909e-17,6.761786980347856
fan_wang,0.7,0.004,10.0,-3.0793166301156703,0.0007694246131754179,-0.00010718038747770109,0.0007694246131754179,0.19204793585461652,-4.77538240017325e-05,9.155133597044475e-16,9.107298248878237e-18,4.4109752261883
fan_wang,0.7,0.004,12.0,-3.0802649185380213,0.000769424350271608,-0.00010603598096814437,0.000769424350271608,0.19210692991481645,-4.775380883291144e-05,9.155133597044475e-16,2.1537178803976964e-17,5.1881621532328035
fan_wang,0.7,0.004,14.0,-3.0806207011122893,0.0007694243118797073,-0.00010495540189614516,0.0007694243118797073,0.1921291154627736,-4.775380404875573e-05,1.1102230246251565e-15,1.8648277366750676e-17,5.973951998026789
fan_wang,0.7,0.004,16.0,-3.080772697760739,0.0007694243181727289,-0.00010295509549296256,0.0007694243181727289,0.19213866123413276,-4.7753806271814275e-05,7.850462293418876e-16,2.168404344971009e-19,6.764319208446338
fan_wang,0.7,0.006,10.0,-3.0794503837143536,0.0011548633310287104,-0.00024093398616109596,0.0011548633310287104,0.19205684301446355,-7.167590047185701e-05,6.753223014464259e-16,4.336808689942018e-18,4.412131285781466
fan_wang,0.7,0.006,12.0,-3.0803961645854696,0.00115486294973699,-0.0002372820284164412,0.00115486294973699,0.19211572865824478,-7.167587809745607e-05,4.965068306494546e-16,1.3010426069826053e-17,5.190076982831324
fan_wang,0.7,0.006,14.0,-3.080746222958061,0.001154862906002141,-0.00023047724766778188,0.001154862906002141,0.19213773651527005,-7.167587228129949e-05,6.473657049138938e-16,2.1121638573370074e-17,5.976879770121583
fan_wang,0.7,0.006,16.0,-3.0808808955567337,0.0011548628858827348,-0.0002111528914876537,0.0011548628858827348,0.19214682847541067,-7.167586855787167e-05,1.3322676295501878e-15,3.469446951953614e-18,6.768552935032812
fan_wang,0.8,0.002,10.0,-3.4658231047070456,0.0001915703192817697,-3.6541316171145866e-05,0.0001915703192817697,0.24558510509054748,-1.3531237908081042e-05,1.1102230246251565e-16,3.2180903080467385e-18,4.464041994104698
fan_wang,0.8,0.002,12.0,-3.4670978552431433,0.00019157021382953943,-3.621552687516072e-05,0.00019157021382953943,0.245674038376189,-1.3531231625611706e-05,1.1157603309187458e-15,2.9541276310451896e-17,5.235258520926871
fan_wang,0.8,0.002,14.0,-3.467578012020539,0.00019157019347204596,-3.601842360989593e-05,0.00019157019347204596,0.2457075660671258,-1.3531229794005659e-05,0.0,6.225737733677307e-17,6.016679052534734
fan_wang,0.8,0.002,16.0,-3.4677855274242564,0.00019157021646148964,-3.587448366237922e-05,0.00019157021646148964,0.2457220701340321,-1.3531235560269861e-05,4.440892098500626e-16,7.250775802743913e-17,6.8035081174073
fan_wang,0.8,0.004,10.0,-3.4659327098415966,0.00038330639879086137,-0.00014614645072219545,0.00038330639879086137,0.24559344223770077,-2.7074208668390054e-05,9.155133597044475e-16,5.052335591286087e-17,4.4647301671553405
fan_wang,0.8,0.004,12.0,-3.4672063737210825,0.0003833061964241824,-0.00014473400481440635,0.0003833061964241824,0.24568231045141375,-2.707419409293116e-05,2.220446049250313e-16,3.9898639947466563e-17,5.236403586325382
fan_wang,0.8,0.004,14.0,-3.4676854955420415,0.00038330618513321424,-0.00014350194511258962,0.00038330618513321424,0.24571578775713296,-2.7074193266335422e-05,1.4602703977091186e-15,5.222209201006512e-18,6.018432966044834
fan_wang,0.8,0.004,16.0,-3.4678910732684454,0.00038330613729586904,-0.00014142032785136038,0.00038330613729586904,0.2457302235299567,-2.707419125161023e-05,1.7763568394002505e-15,1.0560819286685037e-17,6.8060457134853545
fan_wang,0.8,0.006,10.0,-3.4661151781781854,0.000575374140107443,-0.0003286147873109435,0.000575374140107443,0.24560733052008876,-4.064065481249046e-05,9.155133597044475e-16,3.1031676915590914e-17,4.465878789584523
fan_wang,0.8,0.006,12.0,-3.467386013010457,0.0005753738515967832,-0.0003243732941888844,0.0005753738515967832,0.2456960562353,-4.0640635422029e-05,0.0,8.614871521590785e-17,5.238315727372054
fan_wang,0.8,0.006,14.0,-3.467859269396131,0.0005753738110143569,-0.00031727579920204363,0.0005753738110143569,0.24572932106138307,-4.064063190353101e-05,3.1401849173675503e-16,3.2959746043559335e-17,6.021363522263928
fan_wang,0.8,0.006,16.0,-3.4680475648646687,0.0005753737826672545,-0.0002979119240746897,0.0005753737826672545,0.24574323585749117,-4.0640628259515366e-05,6.280369834735101e-16,7.410741937918042e-18,6.810288543895445
fan_wang,0.9,0.002,10.0,-3.875622208690638,6.520099011386726e-05,-4.7565242120128914e-05,6.520099011386726e-05,0.30744453618470247,-5.163085348175445e-06,9.550499576785473e-15,1.0495077029659683e-16,4.51732985766523
fan_wang,0.9,0.002,12.0,-3.8773345759169713,6.520095266560055e-05,-4.715964834378639e-05,6.520095266560055e-05,0.3075765299716462,-5.163079425871131e-06,1.3506446028928519e-15,2.400963201807245e-17,5.2831276611813545
fan_wang,0.9,0.002,14.0,-3.8779805398490037,6.520098501372473e-05,-4.691591304428755e-05,6.520098501372473e-05,0.3076263281977357,-5.163079545691951e-06,3.781283367737843e-15,4.777777715370208e-17,6.0608425798127366
fan_wang,0.9,0.002,16.0,-3.8782600787658357,6.520105711849133e-05,-4.674407953686455e-05,6.520105711849133e-05,0.3076478853410908,-5.163074216413266e-06,3.774758283725532e-15,9.454242944073599e-17,6.844951536401863
fan_wang,0.9,0.004,10.0,-3.8757648868374064,0.00013047705450852654,-0.00019024338888851133,0.00013047705450852654,0.30745678466444515,-1.0332128743684166e-05,2.2644195468014703e-15,2.9079264368403834e-17,4.518013395075315
fan_wang,0.9,0.004,12.0,-3.877475930076055,0.00013047694758050454,-0.00018851380742734847,0.00013047694758050454,0.3075886903180851,-1.0332116759853571e-05,3.9968028886505635e-15,4.443059973708341e-17,5.284270939970624
fan_wang,0.9,0.004,14.0,-3.878120726347698,0.00013047700872870216,-0.00018710241173858222,0.00013047700872870216,0.30763842342582703,-1.0332123358797185e-05,1.4217791915866692e-15,3.8163916471489756e-17,6.062597970731807
fan_wang,0.9,0.004,16.0,-3.8783982589601433,0.0001304768429835068,-0.00018492427384453336,0.0001304768429835068,0.3076598988909236,-1.0332120159800562e-05,3.8778423131653425e-15,2.6479404645468863e-17,6.847494360227426
fan_wang,0.9,0.006,10.0,-3.876002485310846,0.00019590332931995746,-0.0004278418623280267,0.00019590332931995746,0.30747719156010433,-1.5513088184315738e-05,1.0473823066688541e-14,8.783938091597279e-17,4.51915431668573
fan_wang,0.9,0.006,12.0,-3.877710317062088,0.00019590312035600022,-0.00042290079346063436,0.00019590312035600022,0.3076089125380837,-1.551306884389758e-05,3.6637359812630166e-15,1.8388068845354155e-16,5.286180153971171
fan_wang,0.9,0.006,14.0,-3.8783490746717093,0.0001959032104492664,-0.00041545073574988933,0.0001959032104492664,0.30765839441538695,-1.5513050070969925e-05,8.881784197001252e-16,3.469446951953614e-18,6.065531081642355
fan_wang,0.9,0.006,16.0,-3.878609348989913,0.00019590305117489493,-0.0003960143036141339,0.00019590305117489493,0.30767928014431606,-1.551304634433981e-05,1.790180836524724e-15,4.220764384040162e-17,6.851746059611193
fan_wang,0.95,0.002,10.0,-4.08929980234069,2.504244352019569e-05,-5.358504727581703e-05,2.504244352019569e-05,0.34168486861092706,-2.090224469009083e-06,1.6011864169946884e-15,1.43982048506075e-16,4.543839045701495
fan_wang,0.95,0.002,12.0,-4.091281348009296,2.5042441544886884e-05,-5.313465054257449e-05,2.5042441544886884e-05,0.3418447271485295,-2.0902258687782727e-06,1.021405182655144e-14,6.817463260588852e-16,5.306959010241034
fan_wang,0.95,0.002,14.0,-4.092029266155603,2.504234799793892e-05,-5.286737131982022e-05,2.504234799793892e-05,0.34190504832005486,-2.090221990103114e-06,6.217248937900877e-15,1.0939766471476349e-16,6.082840292814929
fan_wang,0.95,0.002,16.0,-4.092353089523213,2.504266360103813e-05,-5.267898887062472e-05,2.504266360103813e-05,0.341931166307677,-2.0901886966795402e-06,2.0650148258027912e-14,3.3937239124580365e-16,6.865601951421319
fan_wang,0.95,0.004,10.0,-4.089460539362518,5.0125816036583615e-05,-0.00021432206910354523,5.0125816036583615e-05,0.3416994660036641,-4.183858928752393e-06,3.972054645195637e-15,2.6703474716024767e-16,4.544520247372652
fan_wang,0.95,0.004,12.0,-4.09144062749178,5.012576428597981e-05,-0.00021241413302597323,5.012576428597981e-05,0.3418592226365833,-4.183854286354816e-06,1.3322676295501878e-15,2.706168622523819e-16,5.308101393358502
fan_wang,0.95,0.004,14.0,-4.092187301080375,5.0125914042631337e-05,-0.0002109022960921081,5.0125914042631337e-05,0.34191947002704726,-4.183926448853015e-06,1.897149936107019e-15,2.177751704867561e-16,6.084596432680191
fan_wang,0.95,0.004,16.0,-4.092509076797242,5.012553505245876e-05,-0.000208666262899726,5.012553505245876e-05,0.3419454991304043,-4.183782957190019e-06,1.2718718071287048e-14,5.689893001203927e-16,6.868147409483393
fan_wang,0.95,0.006,10.0,-4.089728241612861,7.529099975833731e-05,-0.00048202431944677215,7.529099975833731e-05,0.3417237876776975,-6.2843328881845295e-06,4.440892098500626e-15,5.716907481869143e-16,4.545657288607611
fan_wang,0.95,0.006,12.0,-4.091704901708598,7.529096855307671e-05,-0.00047668834984371244,7.529096855307671e-05,0.3418833350851495,-6.28432015647995e-06,3.9968028886505635e-15,3.787898901196402e-16,5.310009139818957
fan_wang,0.95,0.006,14.0,-4.092445437443562,7.52909674215374e-05,-0.000469038659279164,7.52909674215374e-05,0.3419433099291683,-6.284382331522842e-06,3.9968028886505635e-15,1.1188630228279524e-16,6.087530837972951
fan_wang,0.95,0.006,16.0,-4.092749962561806,7.529114670035142e-05,-0.00044955202746344014,7.529114670035142e-05,0.3419687136609053,-6.284452092608639e-06,6.661338147750939e-15,1.942890293094024e-16,6.8724035773114
fan_wang,0.99,0.002,10.0,-4.264382398570085,3.7729072488446036e-06,-5.866380558217088e-05,3.7729072488446036e-06,0.37072764097760125,-3.277232254461637e-07,5.1728291973635394e-14,6.676124710113433e-15,4.564994698697824
fan_wang,0.99,0.002,12.0,-4.266606851204704,3.7699720536465975e-06,-5.818890901387874e-05,3.7699720536465975e-06,0.370913429565623,-3.2751468559411023e-07,7.488139498106957e-14,5.074338674593921e-15,5.325985673529759
fan_wang,0.99,0.002,14.0,-4.267446758491028,3.772208202690308e-06,-5.790256740034749e-05,3.772208202690308e-06,0.3709835430617219,-3.2732446797467674e-07,2.4706690763030545e-13,6.12235403661387e-15,6.100408280792156
fan_wang,0.99,0.002,16.0,-4.267810500215305,3.7773507699512265e-06,-5.7652753397974266e-05,3.7773507699512265e-06,0.3710139050231158,-3.269351713797164e-07,2.2382096176443156e-13,1.831026719408895e-15,6.882097650314279
fan_wang,0.99,0.004,10.0,-4.264558360541827,7.563161034340737e-06,-0.00023462577732402679,7.563161034340737e-06,0.3707443250045386,-6.573214967886543e-07,3.126388037344441e-13,5.8410815908364745e-15,4.56567403637204
fan_wang,0.99,0.004,12.0,-4.2667812113506045,7.5682714850699995e-06,-0.00023254905491398858,7.5682714850699995e-06,0.3709300003651048,-6.572727020426328e-07,2.0605739337042905e-13,3.774758283725532e-15,5.327127354960681
fan_wang,0.99,0.004,14.0,-4.267619811681719,7.5643128241154045e-06,-0.00023095575809151114,7.5643128241154045e-06,0.37100003153402294,-6.573501529771875e-07,2.1316282072803006e-14,3.0201331455116262e-15,6.1021650437382045
fan_wang,0.99,0.004,16.0,-4.267981514441757,7.566297114180998e-06,-0.0002286669798508001,7.566297114180998e-06,0.3710302970905439,-6.567898829246133e-07,1.5967462057804647e-13,2.220446049250313e-16,6.884645247798509
fan_wang,0.99,0.006,10.0,-4.2648514501446755,1.1385511641037738e-05,-0.0005277153801728218,1.1385511641037738e-05,0.3707721282398788,-9.892032188929534e-07,2.2737367544323206e-13,4.782987168225453e-15,4.566807980954369
fan_wang,0.99,0.006,12.0,-4.267070718976967,1.138102069830893e-05,-0.0005220566812766947,1.138102069830893e-05,0.3709575720359899,-9.893248744674565e-07,3.836930773104541e-13,2.6645352591003757e-15,5.3290339521710495
fan_wang,0.99,0.006,14.0,-4.267903098861922,1.1375836947991047e-05,-0.0005142429382942737,1.1375836947991047e-05,0.37102731100862396,-9.906532305592464e-07,3.8788084748251155e-13,1.2560739669470201e-14,6.105100524493211
fan_wang,0.99,0.006,16.0,-4.26824759358729,1.1369093016355691e-05,-0.0004947461253834717,1.1369093016355691e-05,0.37105692111322686,-9.906478908305871e-07,1.530555893832145e-13,4.782987168225453e-15,6.888905043924636
fan_wang,0.5,0.0005,10.0,-2.373187807935081,0.000250221644983388,-6.735079809416789e-07,0.000250221644983388,0.10740332174312286,-1.1206848885789936e-05,3.469446951953614e-18,9.285808141474196e-18,4.300395030863274
fan_wang,0.5,0.0005,12.0,-2.3737315737156806,0.00025022160979448066,-6.639259586549429e-07,0.00025022160979448066,0.10742834344560474,-1.1206847340209432e-05,5.551115123125783e-16,1.4149253747969214e-17,5.0883778325624265
fan_wang,0.5,0.0005,14.0,-2.373934287509679,0.0002502216046543111,-6.582571647761881e-07,0.0002502216046543111,0.10743769636736342,-1.120684701814761e-05,0.0,9.475530847179804e-18,5.881109007028229
fan_wang,0.5,0.0005,16.0,-2.374021235239092,0.00025022160477836813,-6.544404467234699e-07,0.00025022160477836813,0.10744171744659842,-1.1206847085001685e-05,2.2247786310271853e-16,3.2418596793076213e-18,6.676104440203802
fan_wang,0.5,0.001,10.0,-2.373189828473165,0.0005004536047872182,-2.6940460648994247e-06,0.0005004536047872182,0.10740342099565603,-2.241416010953512e-05,2.2247786310271853e-16,4.7178771024944755e-18,4.300438774051715
fan_wang,0.5,0.001,12.0,-2.373733565506229,0.0005004535342414476,-2.6557165071494637e-06,0.0005004535342414476,0.10742844147717834,-2.2414156963523023e-05,2.2247786310271853e-16,8.21718008505126e-19,5.088449548456471
fan_wang,0.5,0.001,14.0,-2.373936262439066,0.0005004535234246904,-2.63318655191469e-06,0.0005004535234246904,0.10743779367803657,-2.241415643104488e-05,1.1123893155135927e-16,3.3687300053556337e-18,5.881218075800522
fan_wang,0.5,0.001,16.0,-2.3740231995557917,0.000500453520679997,-2.618757146244377e-06,0.000500453520679997,0.10744181430693622,-2.2414156151526286e-05,6.938893903907228e-18,6.386922293280446e-18,6.67626164085039
fan_wang,0.5,0.0015,10.0,-2.3731931960286525,0.0007507061959624445,-6.061601552254103e-06,0.0007507061959624445,0.107403586415595,-3.362239617092557e-05,6.662783593823664e-16,5.488773498207866e-19,4.300511685567646
fan_wang,0.5,0.0015,12.0,-2.373736884890625,0.0007507060897872508,-5.975100902944064e-06,0.0007507060897872508,0.10742860485031501,-3.362239148824858e-05,2.220446049250313e-16,1.3357775643384129e-17,5.088569088784838
fan_wang,0.5,0.0015,14.0,-2.3739395526447127,0.0007507060723154907,-5.9233921985146765e-06,0.0007507060723154907,0.1074379558384682,-3.362239075586568e-05,4.443059973708341e-16,4.0377036218250726e-18,5.881399884771252
fan_wang,0.5,0.0015,16.0,-2.374026468093006,0.0007507060669993126,-5.887294360462647e-06,0.0007507060669993126,0.10744197564487863,-3.362239037162963e-05,8.882868333007365e-16,3.669864452579932e-18,6.676523692853608
fan_wang,0.5,0.002,10.0,-2.3731979104535035,0.001000989733766125,-1.0776026403203076e-05,0.001000989733766125,0.10740381800426571,-4.4832019265752046e-05,1.1188630228279524e-16,7.535205098774256e-18,4.300613774713373
fan_wang,0.5,0.002,12.0,-2.373741530740146,0.001000989591428872,-1.0620950424033992e-05,0.001000989591428872,0.10742883355026943,-4.483201311270956e-05,2.2247786310271853e-16,5.339695699491109e-18,5.0887364743034205
fan_wang,0.5,0.002,14.0,-2.3739441531397936,0.0010009895701314497,-1.0523887279401123e-05,0.0010009895701314497,0.10743818274365671,-4.483201259028544e-05,1.3877787807814457e-17,1.5720931501039814e-17,5.881654475461817
fan_wang,0.5,0.002,16.0,-2.3740310229811925,0.0010009895623567383,-1.0442182547087953e-05,0.0010009895623567383,0.10744220113317901,-4.483201163353254e-05,6.661338147750939e-16,2.6018381509598485e-18,6.676890672592774
fan_wang,0.5,0.0025,10.0,-2.3732039712843456,0.0012513145369784096,-1.6836857245294823e-05,0.0012513145369784096,0.10740411575162373,-5.604349202399574e-05,2.2247786310271853e-16,4.9873299934333204e-18,4.300745054511149
fan_wang,0.5,0.0025,12.0,-2.3737475000747597,0.0012513143576019792,-1.659028503775417e-05,0.0012513143576019792,0.10742912751770874,-5.604348424755219e-05,1.1443916996305594e-16,6.411477009882777e-18,5.088951734067396
fan_wang,0.5,0.0025,14.0,-2.373950050677152,0.0012513143293464424,-1.642142463786911e-05,0.0012513143293464424,0.10743847415026068,-5.604348309762655e-05,1.1188630228279524e-16,4.682197095684425e-18,5.881981905994212
fan_wang,0.5,0.0025,16.0,-2.374036816429325,0.0012513143201544064,-1.623563067942868e-05,0.0012513143201544064,0.10744248989326,-5.6043481492454826e-05,2.2247786310271853e-16,6.0329299546186576e-18,6.677362686980892
fan_wang,0.5,0.003,10.0,-2.3732113774476367,0.0015016909242664689,-2.4243020536385274e-05,0.0015016909242664689,0.10740447963377792,-6.725727698836045e-05,6.661338147750939e-16,2.477704430954063e-18,4.3009055417021544
fan_wang,0.5,0.003,12.0,-2.37375478661732,0.0015016907130870616,-2.387682759819043e-05,0.0015016907130870616,0.10742948661420916,-6.725726767581146e-05,3.3422138886441676e-16,8.197206586934296e-18,5.089214905428145
fan_wang,0.5,0.003,14.0,-2.3739572178639654,0.0015016906826383902,-2.3588611451241803e-05,0.0015016906826383902,0.10743882950892852,-6.725726623422502e-05,2.220446049250313e-16,6.817177116939855e-18,5.882382251083095
fan_wang,0.5,0.003,16.0,-2.3740437492919426,0.0015016906922376005,-2.3168493297198722e-05,0.0015016906922376005,0.1074428400610776,-6.725726445253738e-05,4.440892098500626e-16,4.682197095684425e-18,6.677939873446585
fan_wang,0.5,0.0035,10.0,-2.3732201270242492,0.0017521292168839464,-3.2992597148950864e-05,0.0017521292168839464,0.10740490961289197,-7.847383688201759e-05,2.7755575615628914e-17,9.004917492992284e-18,4.30109525674528
fan_wang,0.5,0.0035,12.0,-2.373763379054189,0.0017521289681592944,-3.246926446731635e-05,0.0017521289681592944,0.10742991060908204,-7.847382574398785e-05,3.3422138886441676e-16,1.6263032587282567e-19,5.089526034029278
fan_wang,0.5,0.0035,14.0,-2.3739656053062426,0.001752128927255514,-3.1976053728399734e-05,0.001752128927255514,0.1074392478349775,-7.847382427309327e-05,2.220446049250313e-16,4.228388472693467e-18,5.882855602025573
fan_wang,0.5,0.0035,16.0,-2.3740516434407812,0.001752128932693775,-3.106264213581511e-05,0.001752128932693775,0.10744324832248332,-7.847382515016078e-05,3.3422138886441676e-16,1.1438332919722072e-17,6.678622399910899
fan_wang,0.5,0.004,10.0,-2.3732302167798234,0.0020026397397568396,-4.308235272310057e-05,0.0020026397397568396,0.10740540561661743,-8.969363410046491e-05,4.449557262054371e-16,3.848917712323541e-18,4.301314223815547
fan_wang,0.5,0.004,12.0,-2.3737732586348432,0.0020026394583514684,-4.2348845121331635e-05,0.0020026394583514684,0.10743039910245526,-8.96936214885985e-05,2.237726045655905e-16,1.0733601507606494e-17,5.089885173801832
fan_wang,0.5,0.004,14.0,-2.37397513159235,0.002002639413790308,-4.150233983590823e-05,0.002002639413790308,0.10743972752134752,-8.96936198010994e-05,4.449557262054371e-16,2.1051398297025364e-18,5.883402066688712
fan_wang,0.5,0.004,16.0,-2.374060206120597,0.002002639405041806,-3.962532195167512e-05,0.002002639405041806,0.1074437092989195,-8.969361909590828e-05,4.440892098500626e-16,1.1254963792944282e-17,6.679410464759013
fan_wang,0.5,0.0045,10.0,-2.3732416416563678,0.002253232817700762,-5.450722926747531e-05,0.002253232817700762,0.1074059675314068,-0.00010091713184777473,4.449557262054371e-16,1.801864422472223e-17,4.301562470802288
fan_wang,0.5,0.0045,12.0,-2.3737843967952696,0.002253232501758601,-5.348700554774766e-05,0.002253232501758601,0.10743095149235095,-0.00010091711760202779,2.2887833992611187e-16,1.1926223897340549e-18,5.090292386958523
fan_wang,0.5,0.0045,14.0,-2.3739856726429296,0.0022532324495951883,-5.204339041542383e-05,0.0022532324495951883,0.10744026612638814,-0.00010091711538093122,5.578801654593729e-16,7.309324062105399e-18,5.884021769494798
fan_wang,0.5,0.0045,16.0,-2.3740689892026716,0.0022532324683007254,-4.840840402620117e-05,0.0022532324683007254,0.10744421463953023,-0.00010091711748439793,6.713178136967714e-16,1.3335686721571705e-17,6.680304296806707
fan_wang,0.5,0.005,10.0,-2.3732543942606257,0.0025039187853699296,-6.725983352540155e-05,0.0025039187853699296,0.10740659519352674,-0.00011214479322087072,2.7755575615628914e-17,5.3829300337055644e-18,4.30184002930703
fan_wang,0.5,0.005,12.0,-2.3737967518006866,0.002503918434700547,-6.584201096471176e-05,0.002503918434700547,0.10743156688957854,-0.00011214477802191924,3.3422138886441676e-16,1.463672932855431e-17,5.090747743987178
fan_wang,0.5,0.005,14.0,-2.3739970478902914,0.0025039183802637033,-6.34186377772572e-05,0.0025039183802637033,0.10744086003767547,-0.00011214477699181963,6.684427777288335e-16,1.5744840540472687e-17,5.884714851404349
fan_wang,0.5,0.005,16.0,-2.3740773434999496,0.0025039183834348333,-5.676270130416938e-05,0.0025039183834348333,0.10744475229465424,-0.0001121447767540567,2.2887833992611187e-16,3.892572694516993e-18,6.681304155261845
fan_wang,0.5,0.0055,10.0,-2.373268464330391,0.0027547079732738178,-8.132990329068335e-05,0.0027547079732738178,0.10740728836941191,-0.0001233770816183432,4.449557262054371e-16,0.0,4.302146934641132
fan_wang,0.5,0.0055,12.0,-2.3738102656247944,0.00275470758608648,-7.93558350724588e-05,0.00275470758608648,0.10743224407129792,-0.00012337706429348116,2.237726045655905e-16,4.5290591099972316e-18,5.091251323643263
fan_wang,0.5,0.0055,14.0,-2.374009006056467,0.002754707528706657,-7.537680395275359e-05,0.002754707528706657,0.10744150430918659,-0.0001233770627988972,2.3714374201337736e-16,2.0599841277224584e-18,5.8854814698968445
fan_wang,0.5,0.0055,16.0,-2.374084364041004,0.0027547075349217964,-6.378324235845056e-05,0.0027547075349217964,0.10744530544068388,-0.00012337706227935445,2.2887833992611187e-16,7.26415455565288e-18,6.682410329680669
fan_wang,0.5,0.006,10.0,-2.373283837849548,0.0030056107188460857,-9.670342244794128e-05,0.0030056107188460857,0.10740804674453669,-0.00013461445951991335,6.684427777288335e-16,4.5290591099972316e-18,4.30248322582307
fan_wang,0.5,0.006,12.0,-2.3738248599971197,0.003005610296223815,-9.395020739777493e-05,0.003005610296223815,0.10743298137185284,-0.00013461444045699197,2.220446049250313e-16,3.471140604459642e-18,5.09180321294155
fan_wang,0.5,0.006,14.0,-2.3740212084763628,0.0030056102314363065,-8.757922384861061e-05,0.0030056102314363065,0.10744219221011483,-0.00013461443931212132,8.95090418262362e-16,3.0377015412898873e-18,5.886321798949241
fan_wang,0.5,0.006,16.0,-2.3740888312690984,0.003005610244408652,-6.825047045300181e-05,0.003005610244408652,0.10744585146587807,-0.00013461444061724226,4.47545209131181e-16,3.2526065174565133e-19,6.683623139919049
fan_wang,0.9,0.0005,10.0,-3.8755776163323903,1.629731548435931e-05,-2.9728838724096818e-06,1.629731548435931e-05,0.30744070837955134,-1.290538611951192e-06,5.551115123125783e-16,1.1031757105040008e-16,4.517116408473129
fan_wang,0.9,0.0005,12.0,-3.8772903641600704,1.6297300797246672e-05,-2.947891442950379e-06,1.6297300797246672e-05,0.3075727284760117,-1.290537507431938e-06,2.44312138127538e-15,3.414225632075752e-17,5.282770732727319
fan_wang,0.9,0.0005,14.0,-3.877936556677409,1.6297286884320306e-05,-2.932741449690468e-06,1.6297286884320306e-05,0.307622542249601,-1.290536520023866e-06,4.577566798522237e-16,3.812209055081232e-17,6.0602947089598995
fan_wang,0.9,0.0005,16.0,-3.878216259338231,1.6297271509091438e-05,-2.9246519321901587e-06,1.6297271509091438e-05,0.30764410975136386,-1.290537095337968e-06,7.549516567451064e-15,1.751257559107211e-16,6.844158165507061
fan_wang,0.9,0.001,10.0,-3.8755865347907617,3.259580563436115e-05,-1.1891342243774972e-05,3.259580563436115e-05,0.30744147392301197,-2.5811710094372775e-06,1.336885555457667e-15,1.081506204504511e-16,4.5171590923584715
fan_wang,0.9,0.001,12.0,-3.8772992066671415,3.259578204567459e-05,-1.179039851395558e-05,3.259578204567459e-05,0.30757348875956575,-2.5811684196477835e-06,1.1157603309187458e-15,1.5649586129237422e-16,5.282842105228262
fan_wang,0.9,0.001,14.0,-3.877945354534874,3.2595773074628465e-05,-1.1730598914461154e-05,3.2595773074628465e-05,0.30762329946687267,-2.5811679901649454e-06,7.552781223416605e-15,2.3681517030061724e-16,6.0604042568834
fan_wang,0.9,0.001,16.0,-3.8782250283585733,3.2595787658407094e-05,-1.1693672274493139e-05,3.2595787658407094e-05,0.3076448650464686,-2.581171565055329e-06,3.552713678800501e-15,1.216969488753028e-16,6.844316791611508
fan_wang,0.9,0.0015,10.0,-3.8756013989266482,4.889663897689189e-05,-2.6755478130358057e-05,4.889663897689189e-05,0.3074427498555223,-3.871988883970279e-06,4.440892098500626e-16,6.570265165262157e-17,4.517230238781997
fan_wang,0.9,0.0015,12.0,-3.8773139443904743,4.889658777607053e-05,-2.652812184678055e-05,4.889658777607053e-05,0.30757475599835316,-3.871982269212926e-06,1.4602703977091186e-15,1.1859804047369064e-16,5.2829610740522295
fan_wang,0.9,0.0015,14.0,-3.8779600178273443,4.889660297446863e-05,-2.6393891384923762e-05,4.889660297446863e-05,0.30762456156452755,-3.8719861958358415e-06,7.771561172376096e-16,5.746271514173174e-17,6.060586865920178
fan_wang,0.9,0.0015,16.0,-3.8782396423087415,4.8896559858402355e-05,-2.6307622442711676e-05,4.8896559858402355e-05,0.307646124055409,-3.871982614610248e-06,1.2212453270876722e-15,8.826764162052888e-17,6.844581221870372
fan_wang,0.9,0.002,10.0,-3.875622208690638,6.520099011386726e-05,-4.7565242120128914e-05,6.520099011386726e-05,0.30744453618470247,-5.163085348175445e-06,9.550499576785473e-15,1.0495077029659683e-16,4.51732985766523
fan_wang,0.9,0.002,12.0,-3.8773345759169713,6.520095266560055e-05,-4.715964834378639e-05,6.520095266560055e-05,0.3075765299716462,-5.163079425871131e-06,1.3506446028928519e-15,2.400963201807245e-17,5.2831276611813545
fan_wang,0.9,0.002,14.0,-3.8779805398490037,6.520098501372473e-05,-4.691591304428755e-05,6.520098501372473e-05,0.3076263281977357,-5.163079545691951e-06,3.781283367737843e-15,4.777777715370208e-17,6.0608425798127366
fan_wang,0.9,0.002,16.0,-3.8782600787658357,6.520105711849133e-05,-4.674407953686455e-05,6.520105711849133e-05,0.3076478853410908,-5.163074216413266e-06,3.774758283725532e-15,9.454242944073599e-17,6.844951536401863
fan_wang,0.9,0.0025,10.0,-3.87564896357792,8.151003636935883e-05,-7.432012940222776e-05,8.151003636935883e-05,0.3074468328372106,-6.454555056253919e-06,1.1957467920563633e-15,1.0104764247564901e-16,4.517457962897392
fan_wang,0.9,0.0025,12.0,-3.8773610992158187,8.150992608824126e-05,-7.36829471912337e-05,8.150992608824126e-05,0.30757881075131893,-6.454546016596008e-06,9.336440972175736e-15,1.278240795712511e-16,5.28334189738766
fan_wang,0.9,0.0025,14.0,-3.8780069094832186,8.150999514711099e-05,-7.328554725916092e-05,8.150999514711099e-05,0.30762859899720474,-6.4545535504029194e-06,3.219646771412954e-15,2.3158558404290375e-16,6.0611714597927415
fan_wang,0.9,0.0025,16.0,-3.8782862965344407,8.150998659728348e-05,-7.296184814187257e-05,8.150998659728348e-05,0.3076501481117201,-6.454556245261145e-06,1.4217791915866692e-15,1.429042625605179e-16,6.845427847353415
fan_wang,0.9,0.003,10.0,-3.875681663076229,9.782492562182554e-05,-0.00010701962771131335,9.782492562182554e-05,0.3074496398805925,-7.746487202364705e-06,7.549516567451064e-15,3.660266534311063e-16,4.517614572334559
fan_wang,0.9,0.003,12.0,-3.877393506805794,9.782487821841102e-05,-0.00010609053716637007,9.782487821841102e-05,0.30758159800526386,-7.74648200124739e-06,6.12235403661387e-15,3.3682237275240583e-17,5.283603822230127
fan_wang,0.9,0.003,14.0,-3.878039101595565,9.782467120933447e-05,-0.00010547765960566835,9.782467120933447e-05,0.3076313732016678,-7.746478036016469e-06,2.2644195468014703e-15,1.21359374833058e-16,6.061573584573216
fan_wang,0.9,0.003,16.0,-3.8783181986179356,9.78247006679922e-05,-0.00010486393163677832,9.78247006679922e-05,0.30765290924022837,-7.746477694581255e-06,6.994405055138486e-15,1.6278926452606648e-16,6.846010298883716
fan_wang,0.9,0.0035,10.0,-3.8757203050770084,0.00011414688654642902,-0.00014566162849050102,0.00011414688654642902,0.30745295719119414,-9.038981166081816e-06,1.7763568394002505e-15,1.9132356364418343e-16,4.5177997077985
fan_wang,0.9,0.0035,12.0,-3.877431790113647,0.00011414679219545754,-0.00014437384501952977,0.00011414679219545754,0.30758489139300405,-9.038978682179843e-06,5.773159728050814e-15,1.161908667681062e-16,5.28391348405089
fan_wang,0.9,0.0035,14.0,-3.878077065553395,0.00011414677619137059,-0.00014344161743551354,0.00011414677619137059,0.30763464895873077,-9.038966066354792e-06,2.808666774861361e-15,3.2592495070968174e-17,6.062049050338466
fan_wang,0.9,0.0035,16.0,-3.878355612249145,0.00011414671172604862,-0.00014227756284634907,0.00011414671172604862,0.3076561624366529,-9.038974361053054e-06,3.1401849173675502e-15,3.1809833969824884e-17,6.846699067139526
fan_wang,0.9,0.004,10.0,-3.8757648868374064,0.00013047705450852654,-0.00019024338888851133,0.00013047705450852654,0.30745678466444515,-1.0332128743684166e-05,2.2644195468014703e-15,2.9079264368403834e-17,4.518013395075315
fan_wang,0.9,0.004,12.0,-3.877475930076055,0.00013047694758050454,-0.00018851380742734847,0.00013047694758050454,0.3075886903180851,-1.0332116759853571e-05,3.9968028886505635e-15,4.443059973708341e-17,5.284270939970624
fan_wang,0.9,0.004,14.0,-3.878120726347698,0.00013047700872870216,-0.00018710241173858222,0.00013047700872870216,0.30763842342582703,-1.0332123358797185e-05,1.4217791915866692e-15,3.8163916471489756e-17,6.062597970731807
fan_wang,0.9,0.004,16.0,-3.8783982589601433,0.0001304768429835068,-0.00018492427384453336,0.0001304768429835068,0.3076598988909236,-1.0332120159800562e-05,3.8778423131653425e-15,2.6479404645468863e-17,6.847494360227426
fan_wang,0.9,0.0045,10.0,-3.875815404107822,0.0001468165825515566,-0.00024076065930422885,0.0001468165825515566,0.30746112217667304,-1.1626016661298033e-05,2.2644195468014703e-15,8.326672684688674e-17,4.518255663913788
fan_wang,0.9,0.0045,12.0,-3.8775259004674947,0.00014681643446290416,-0.00023848419886718375,0.00014681643446290416,0.3075929936633473,-1.1626006760634411e-05,1.5543122344752192e-15,1.231653667943533e-16,5.28467625588305
fan_wang,0.9,0.0045,14.0,-3.8781699662246414,0.00014681636378677254,-0.00023634228868196772,0.00014681636378677254,0.3076426926032263,-1.1626015796739608e-05,9.930136612989092e-16,4.5102810375396984e-17,6.06322047684103
fan_wang,0.9,0.0045,16.0,-3.878445708035062,0.00014681638546409914,-0.0002323733487630264,0.00014681638546409914,0.30766410389212623,-1.1626007901055502e-05,7.993605777301127e-15,2.0990154059319366e-16,6.848396418180378
fan_wang,0.9,0.005,10.0,-3.8758718497787776,0.00016316668364901865,-0.0002972063302597583,0.00016316668364901865,0.30746596944156585,-1.2920742595595724e-05,1.5100665727558131e-15,1.1780803309511844e-16,4.518526548023485
fan_wang,0.9,0.005,12.0,-3.8775816614601863,0.00016316654738535163,-0.00029424519155885065,0.00016316654738535163,0.30759779997589426,-1.2920736754712392e-05,2.3914935841127266e-15,9.437916079723832e-17,5.28512950644864
fan_wang,0.9,0.005,14.0,-3.8782246107314706,0.00016316658740067602,-0.00029098679551120554,0.00016316658740067602,0.30764745039172375,-1.2920739586669283e-05,4.440892098500626e-16,4.3885418357208765e-17,6.0639167171817006
fan_wang,0.9,0.005,16.0,-3.878497336185865,0.0001631662678966972,-0.00028400149956597787,0.0001631662678966972,0.3076687569878365,-1.2920716459113857e-05,2.085919684541963e-15,8.153200337090993e-17,6.849405512919269
fan_wang,0.9,0.0055,10.0,-3.8759342144215476,0.00017952855912528598,-0.0003595709730297436,0.00017952855912528598,0.30747132605799493,-1.4216403911027076e-05,1.336885555457667e-15,3.1031676915590914e-17,4.51882608507264
fan_wang,0.9,0.0055,12.0,-3.8776431581138486,0.00017952842086277343,-0.00035574184522113583,0.00017952842086277343,0.30760310719338424,-1.421639540180597e-05,9.14705197099063e-15,1.3472894910096233e-16,5.28563077508745
fan_wang,0.9,0.0055,14.0,-3.8782844221369808,0.0001795283205046072,-0.00035079820102135173,0.0001795283205046072,0.3076526881219795,-1.4216392522720112e-05,4.440892098500626e-16,1.153297605929378e-16,6.064686857678149
fan_wang,0.9,0.0055,16.0,-3.878552273159632,0.0001795283835408501,-0.00033893847333299476,0.0001795283835408501,0.3076738287478192,-1.4216397220490062e-05,2.1868857395626282e-15,1.2456232622454378e-16,6.8505219482092725
fan_wang,0.9,0.006,10.0,-3.876002485310846,0.00019590332931995746,-0.0004278418623280267,0.00019590332931995746,0.30747719156010433,-1.5513088184315738e-05,1.0473823066688541e-14,8.783938091597279e-17,4.51915431668573
fan_wang,0.9,0.006,12.0,-3.877710317062088,0.00019590312035600022,-0.00042290079346063436,0.00019590312035600022,0.3076089125380837,-1.551306884389758e-05,3.6637359812630166e-15,1.8388068845354155e-16,5.286180153971171
fan_wang,0.9,0.006,14.0,-3.8783490746717093,0.0001959032104492664,-0.00041545073574988933,0.0001959032104492664,0.30765839441538695,-1.5513050070969925e-05,8.881784197001252e-16,3.469446951953614e-18,6.065531081642355
fan_wang,0.9,0.006,16.0,-3.878609348989913,0.00019590305117489493,-0.0003960143036141339,0.00019590305117489493,0.30767928014431606,-1.551304634433981e-05,1.790180836524724e-15,4.220764384040162e-17,6.851746059611193
fan_wang,0.97,0.0005,10.0,-4.176336658439211,3.290705395730953e-06,-3.505581033458327e-06,3.290705395730953e-06,0.356015975455837,-2.803043460120058e-07,2.9976021664879227e-14,1.4066438985826935e-15,4.554209705638801
fan_wang,0.97,0.0005,12.0,-4.178436881727497,3.2906782458930195e-06,-3.4741450507524974e-06,3.2906782458930195e-06,0.3561884002336759,-2.803052069899614e-07,8.227644038804674e-15,7.5408190187706235e-16,5.316119666170345
fan_wang,0.97,0.0005,14.0,-4.179229839527811,3.2907300018258923e-06,-3.4656892653472937e-06,3.2907300018258923e-06,0.3562534731575531,-2.802970864856924e-07,9.589139651961702e-15,2.781190543835974e-16,6.091079075745591
fan_wang,0.97,0.0005,16.0,-4.179573299951362,3.2905463629440135e-06,-3.4534178086076395e-06,3.2905463629440135e-06,0.3562816543687124,-2.8028857174122734e-07,2.398081733190338e-14,1.4409046872332354e-15,6.873057675239385
fan_wang,0.97,0.001,10.0,-4.176347176042168,6.581827025620157e-06,-1.402318399090774e-05,6.581827025620157e-06,0.3560169516480325,-5.606418825299109e-07,1.4460202062562764e-14,7.941211853443757e-16,4.554252184842348
fan_wang,0.97,0.001,12.0,-4.178447311744911,6.5818647900783844e-06,-1.3904162464939418e-05,6.5818647900783844e-06,0.3561893698387599,-5.606464202889683e-07,2.853273173286652e-14,1.0260889360402814e-15,5.316190959846938
fan_wang,0.97,0.001,14.0,-4.179240213504112,6.58203958980863e-06,-1.3839665566450776e-05,6.58203958980863e-06,0.3562544380340582,-5.606758024523373e-07,1.2780591190837995e-14,1.8572288908468956e-15,6.09118868831957
fan_wang,0.97,0.001,16.0,-4.179583640029777,6.581603994249008e-06,-1.3793496223435397e-05,6.581603994249008e-06,0.35628261772085756,-5.605941439945639e-07,2.808666774861361e-15,1.2698175844150228e-15,6.873216530164691
fan_wang,0.97,0.0015,10.0,-4.176364705262561,9.873861504416936e-06,-3.155240438346141e-05,9.873861504416936e-06,0.3560185784659773,-8.410597877039905e-07,9.992007221626409e-15,3.1031676915590914e-16,4.554322990197963
fan_wang,0.97,0.0015,12.0,-4.1784646948480075,9.873864000198296e-06,-3.128726556145267e-05,9.873864000198296e-06,0.3561909859555231,-8.410521652457703e-07,1.855102611454866e-14,3.3081863473783437e-16,5.316309797435013
fan_wang,0.97,0.0015,14.0,-4.179257509164398,9.874001883680705e-06,-3.113532585263812e-05,9.874001883680705e-06,0.35625604857426896,-8.410272753778258e-07,1.7763568394002505e-15,8.262821341922353e-16,6.0913714053594905
fan_wang,0.97,0.0015,16.0,-4.1796008848798705,9.873527924142422e-06,-3.1038346317124876e-05,9.873527924142422e-06,0.3562842236268409,-8.409986932411684e-07,3.4240977211299456e-14,7.306955103411759e-16,6.873481342218682
fan_wang,0.97,0.002,10.0,-4.176389244357673,1.3167276817327433e-05,-5.6091499495813935e-05,1.3167276817327433e-05,0.3560208558372225,-1.121604022547018e-06,1.2780591190837995e-14,6.891897217272628e-16,4.55442213172977
fan_wang,0.97,0.002,12.0,-4.178489030118714,1.3167121204915588e-05,-5.5622536267563305e-05,1.3167121204915588e-05,0.3561932485672109,-1.1215984939694223e-06,3.5596458096434965e-15,3.3766115072321297e-16,5.316476201123742
fan_wang,0.97,0.002,14.0,-4.179281724734609,1.3167142194348003e-05,-5.5350896063011135e-05,1.3167142194348003e-05,0.3562583020204633,-1.1215640597361798e-06,1.790180836524724e-15,5.377642775528102e-16,6.091627270986397
fan_wang,0.97,0.002,16.0,-4.179625012849526,1.3166625848270996e-05,-5.516631597224375e-05,1.3166625848270996e-05,0.3562864704092591,-1.1215586550594736e-06,8.188600426433445e-15,8.068235998053638e-16,6.873852192160072
fan_wang,0.97,0.0025,10.0,-4.176420796355167,1.6462405305617267e-05,-8.764349698964224e-05,1.6462405305617267e-05,0.35602378418920816,-1.4022775984834368e-06,1.616051556834531e-14,8.219587729874549e-16,4.55454962347068
fan_wang,0.97,0.0025,12.0,-4.178520312540588,1.6462534730976586e-05,-8.690495814178689e-05,1.6462534730976586e-05,0.35619615709202707,-1.4022846674954792e-06,3.4861002973229915e-14,4.1314106709611766e-16,5.316690201975052
fan_wang,0.97,0.0025,14.0,-4.179312828862187,1.646310694347619e-05,-8.645502364146296e-05,1.646310694347619e-05,0.35626119790551514,-1.4023612651126172e-06,2.9753977059954195e-14,1.2738115944464653e-16,6.091956346961934
fan_wang,0.97,0.0025,16.0,-4.17965593356919,1.6463137960442964e-05,-8.60870356369503e-05,1.6463137960442964e-05,0.35628935735508743,-1.4023381553762704e-06,1.4432899320127035e-14,7.376145397762941e-17,6.874329193033039
fan_wang,0.97,0.003,10.0,-4.176459357375526,1.9759943540975655e-05,-0.00012620451734868254,1.9759943540975655e-05,0.35602736322376305,-1.6831672633443873e-06,9.769962616701378e-15,1.046738527695383e-15,4.554705483461526
fan_wang,0.97,0.003,12.0,-4.1785585397836,1.9759862368573522e-05,-0.00012513220115373258,1.9759862368573522e-05,0.35619971205020506,-1.683133231900058e-06,2.8202287277614296e-14,1.2815744444133687e-15,5.31695183992067
fan_wang,0.97,0.003,14.0,-4.179350823246377,1.9759510564654192e-05,-0.00012444940783140623,1.9759510564654192e-05,0.3562647377005387,-1.6831343372381014e-06,1.507942823617516e-14,6.661338147750939e-16,6.092358712680574
fan_wang,0.97,0.003,16.0,-4.179693628755285,1.9760376559929682e-05,-0.0001237822217312612,1.9760376559929682e-05,0.3562928806350453,-1.6831890143897965e-06,1.551136925266137e-14,8.95090418262362e-16,6.874912490149239
fan_wang,0.97,0.0035,10.0,-4.176504928444221,2.3060029942456595e-05,-0.0001717755860433101,2.3060029942456595e-05,0.35603159281254726,-1.964286057587472e-06,3.9968028886505635e-14,1.1443916996305594e-16,4.55488973374995
fan_wang,0.97,0.0035,12.0,-4.178603699690822,2.306013123920536e-05,-0.00017029210837549158,2.306013123920536e-05,0.3562039122391466,-1.9643339681518768e-06,5.329070518200751e-15,2.0816681711721685e-16,5.317261163758385
fan_wang,0.97,0.0035,14.0,-4.179395633649151,2.3060080959425022e-05,-0.00016925981060555984,2.3060080959425022e-05,0.35626891695692475,-1.9643142568082084e-06,2.732141342546872e-14,2.220446049250313e-16,6.092834465159558
fan_wang,0.97,0.0035,16.0,-4.1797378752026955,2.305894892806748e-05,-0.00016802866914211734,2.305894892806748e-05,0.3562970347932416,-1.9642238906492082e-06,5.329070518200751e-15,1.8596235662471372e-15,6.875602261064655
fan_wang,0.97,0.004,10.0,-4.176557505070889,2.636325117322258e-05,-0.00022435221271166483,2.636325117322258e-05,0.35603647299766145,-2.245655158272797e-06,3.2171190647067566e-14,4.85722573273506e-16,4.555102400389041
fan_wang,0.97,0.004,12.0,-4.17865577645885,2.63632399324365e-05,-0.00022236887640403324,2.63632399324365e-05,0.35620875775522537,-2.2456683093086127e-06,2.4242552967656972e-14,4.440892098500626e-16,5.3176182311474545
fan_wang,0.97,0.004,14.0,-4.179447194855978,2.636353933738178e-05,-0.00022082101743237104,2.636353933738178e-05,0.3562737333652954,-2.245759162633476e-06,2.042810365310288e-14,5.525032997054197e-16,6.093383719026668
fan_wang,0.97,0.004,16.0,-4.179788394830608,2.6364334154038715e-05,-0.00021854829705425516,2.6364334154038715e-05,0.3563018082351531,-2.2460974971050263e-06,1.9860273225978185e-14,2.7755575615628914e-16,6.876398715551347
fan_wang,0.97,0.0045,10.0,-4.176617081576027,2.9670361104905396e-05,-0.0002839287178497685,2.9670361104905396e-05,0.35604200350012594,-2.527362691573387e-06,1.7763568394002505e-15,9.964986097963502e-16,4.555343513435746
fan_wang,0.97,0.0045,12.0,-4.178714737393815,2.9670416523686072e-05,-0.0002813298113686358,2.9670416523686072e-05,0.3562142469977875,-2.5273349713028637e-06,1.2434497875801753e-14,1.2412670766236366e-16,5.318023108603155
fan_wang,0.97,0.0045,14.0,-4.17950539132447,2.9670991349206588e-05,-0.0002790174859246264,2.9670991349206588e-05,0.35627918383613155,-2.527258884388317e-06,1.3557455178480058e-14,3.0531133177191805e-16,6.094006606505757
fan_wang,0.97,0.0045,16.0,-4.17984479694938,2.967142357235275e-05,-0.0002749504158270355,2.967142357235275e-05,0.3563071899348248,-2.527325226653332e-06,7.588599744428075e-15,4.163336342344337e-16,6.877302095564057
fan_wang,0.97,0.005,10.0,-4.176683655702346,3.298115833061388e-05,-0.00035050284416904276,3.298115833061388e-05,0.3560481843695288,-2.8093311006394117e-06,3.102273850532274e-14,2.9893669801409083e-16,4.555613106948998
fan_wang,0.97,0.005,12.0,-4.178780552412873,3.298163817078148e-05,-0.00034714483042730393,3.298163817078148e-05,0.35622037874908463,-2.809277927173781e-06,3.015885647235032e-14,1.5975738988547494e-15,5.318475871490546
fan_wang,0.97,0.005,14.0,-4.179570061711972,3.298049669098191e-05,-0.00034368787342664575,3.298049669098191e-05,0.3562852615215425,-2.809106803169925e-06,2.3092638912203256e-14,1.487709209519727e-15,6.094703277400036
fan_wang,0.97,0.005,16.0,-4.1799064440267335,3.298135834484128e-05,-0.0003365974931801574,3.298135834484128e-05,0.35631315346893505,-2.8088705992246332e-06,4.440892098500626e-14,1.0329400704738531e-15,6.878312675201751
fan_wang,0.97,0.0055,10.0,-4.176757213252791,3.6296680594460895e-05,-0.0004240603946135124,3.6296680594460895e-05,0.3560550146013327,-3.0917968434351906e-06,4.440892098500626e-14,1.5700924586837752e-16,4.555911218987634
fan_wang,0.97,0.0055,12.0,-4.178853162387992,3.6296888321629694e-05,-0.0004197548055460132,3.6296888321629694e-05,0.3562271501534209,-3.0917979061406697e-06,5.552358433678174e-14,1.5366164491566369e-15,5.3189766040173545
fan_wang,0.97,0.0055,14.0,-4.17964094148809,3.629746911215648e-05,-0.00041456764954439507,3.629746911215648e-05,0.35629195426287996,-3.0917992921430937e-06,2.75764738977458e-14,6.497413668604471e-16,6.095473899073224
fan_wang,0.97,0.0055,16.0,-4.179972458568975,3.629539284943917e-05,-0.00040261203542169,3.629539284943917e-05,0.3563196660245488,-3.0917976836519756e-06,2.2748467065386707e-14,4.965068306494546e-16,6.879430760664033
fan_wang,0.97,0.006,10.0,-4.176837744690938,3.9617284929960306e-05,-0.000504591832760859,3.9617284929960306e-05,0.3560624942314937,-3.374631521335658e-06,5.1514348342607263e-14,1.5151595604785607e-15,4.556237891608047
fan_wang,0.97,0.006,12.0,-4.178932495930681,3.961750441305867e-05,-0.0004990883482349773,3.961750441305867e-05,0.35623455891217815,-3.3746807579504434e-06,3.730349362740526e-14,5.4672143489065705e-16,5.319525399226066
fan_wang,0.97,0.006,14.0,-4.179717733842026,3.9618831124244025e-05,-0.0004913600034806009,3.9618831124244025e-05,0.3562992540542146,-3.374611228235125e-06,2.2469334198890888e-14,3.554447978966673e-16,6.096318656428415
fan_wang,0.97,0.006,16.0,-4.1800416952412425,3.961844473110432e-05,-0.00047184870768912646,3.961844473110432e-05,0.3563266910209034,-3.3745019334396886e-06,1.4210854715202004e-14,2.220446049250313e-16,6.880656690202513
